"SettlementType","StateCode","StateName","LGACode","LGA_AmapCode","LGAName","WardCode","Ward_AmapCode","WardName","SettlementObjectId","SettlementName","Weight","Lat","Lon","Direction","ClosestSettlement","ClosestNamedSettlement"
"BUA","BR","Borno","105","NIE BOS BBU","Biu","10511","NIE BOS BBU ZAR","Zarawuyaku","BUA_10511_6096","Yamarkumi","137","1353963.0","1193865.375","","",""
"BUA","BR","Borno","105","NIE BOS BBU","Biu","10502","NIE BOS BBU DUG","Dugja","BUA_10502_6648","Tabra Tsahuyam","117","1353059.375","1189523.25","","",""
"BUA","BR","Borno","105","NIE BOS BBU","Biu","10502","NIE BOS BBU DUG","Dugja","BUA_10502_7204","Diza","1107","1354766.25","1189165.75","","",""
"BUA","BR","Borno","105","NIE BOS BBU","Biu","10503","NIE BOS BBU GAL","Galdimari","BUA_10503_6647","Galdimare","804","1357226.375","1187275.75","","",""
"BUA","BR","Borno","105","NIE BOS BBU","Biu","10501","NIE BOS BBU BUR","Buratai","BUA_10501_6517","Buratai","132","1345679.125","1221617.0","","",""
"SSA","BR","Borno","105","NIE BOS BBU","Biu","10505","NIE BOS BBU GUN","Gunda","SSA_10505_11220","Manu Shodo","3","1295827.25","1215412.625","203","",""
"SSA","BR","Borno","115","NIE BOS KBG","Kala-Balge","11503","NIE BOS KBG JAR","Jarawa","SSA_11503_20408","Sangaya","3","1597276.125","1341579.875","55","",""
"SSA","BR","Borno","115","NIE BOS KBG","Kala-Balge","11502","NIE BOS KBG JIL","Jilbe","SSA_11502_1625","SSA_1","3","1625740.25","1324010.5","55","",""
"SSA","BR","Borno","115","NIE BOS KBG","Kala-Balge","11509","NIE BOS KBG SIG","Sigal","SSA_11509_2179","SSA_1","3","1615306.0","1380815.125","178","",""
"SSA","BR","Borno","115","NIE BOS KBG","Kala-Balge","11506","NIE BOS KBG MAD","Mada","SSA_11506_1534","SSA_15","3","1597668.125","1295055.625","68","",""
"SSA","BR","Borno","115","NIE BOS KBG","Kala-Balge","11510","NIE BOS KBG RAN","Rann","SSA_11510_2180","SSA_4","3","1605807.375","1379879.5","8","",""
"SSA","BR","Borno","115","NIE BOS KBG","Kala-Balge","11505","NIE BOS KBG KAL","Kala","SSA_11505_2132","Hesanaty","3","1611644.375","1362127.375","200","",""
"SSA","BR","Borno","101","NIE BOS ADM","Abadam","10101","NIE BOS ADM ARE","Arege","SSA_10101_2720","SSA_37","3","1504620.125","1513320.0","341","",""
"BUA","BR","Borno","101","NIE BOS ADM","Abadam","10101","NIE BOS ADM ARE","Arege","BUA_10101_7349","Bula Bul","185","1520041.5","1512868.375","","",""
"SSA","BR","Borno","101","NIE BOS ADM","Abadam","10108","NIE BOS  ADM YAU","Yau","SSA_10108_16403","Ngauro","3","1470745.25","1521746.625","278","",""
"SSA","BR","Borno","101","NIE BOS ADM","Abadam","10104","NIE BOS ADM FOG","Foguwa","SSA_10104_2634","Gasare","3","1433505.75","1512379.75","313","",""
"HA","BR","Borno","101","NIE BOS ADM","Abadam","10102","NIE BOS ADM BAN","Banowa","HA_10102_68135","HA_100","1.5","1476105.625","1463414.625","22","",""
"BUA","BR","Borno","101","NIE BOS ADM","Abadam","10111","NIE BOS ADM BUS","Busuna","BUA_10111_5769","Busuna Lawanti","104","1484345.625","1537194.125","","",""
"BUA","BR","Borno","112","NIE BOS HWL","Hawul","11206","NIE BOS HWL KWA","Kwajaffa","BUA_11206_7735","Kwajaffa Dispensary","133","1382027.625","1171904.875","","",""
"BUA","BR","Borno","112","NIE BOS HWL","Hawul","11201","NIE BOS HWL BIL","Bilingwi","BUA_11201_6541","Ghumma","306","1364706.875","1178593.75","","",""
"BUA","BR","Borno","112","NIE BOS HWL","Hawul","11205","NIE BOS HWL KID","Kidda","BUA_11205_8011","Kinging","94","1361439.875","1179278.25","","",""
"BUA","BR","Borno","112","NIE BOS HWL","Hawul","11202","NIE BOS HWL GRD","Grim Damchoba","BUA_11202_8207","Biila","49","1348286.125","1182750.875","","",""
"BUA","BR","Borno","112","NIE BOS HWL","Hawul","11210","NIE BOS HWL PUV","Puba Vidau","BUA_11210_8022","Saboda Allah","75","1395830.375","1164421.25","","",""
"BUA","BR","Borno","112","NIE BOS HWL","Hawul","11208","NIE BOS HWL MAK","Marama Kidang","BUA_11208_7191","Azare","46","1348938.875","1169015.5","","",""
"BUA","BR","Borno","113","NIE BOS JRE","Jere","11309","NIE BOS JRE MAI","Mairi","BUA_11309_7489","Mairi Central","594","1468577.5","1325388.625","","",""
"BUA","BR","Borno","113","NIE BOS JRE","Jere","11305","NIE BOS JRE MAS","Mashamari","BUA_11305_7890","Goni Kachallari","2293","1468627.75","1328825.375","","",""
"BUA","BR","Borno","113","NIE BOS JRE","Jere","11306","NIE BOS JRE GAL","Galtimari","BUA_11306_7106","Fori Lawanti","994","1465966.875","1322208.625","","",""
"BUA","BR","Borno","113","NIE BOS JRE","Jere","11306","NIE BOS JRE GAL","Galtimari","BUA_11306_6334","Molai Shuwari","75","1458285.5","1317080.25","","",""
"BUA","BR","Borno","113","NIE BOS JRE","Jere","11303","NIE BOS JRE GOM","Gomari","BUA_11303_7146","Bulama Jidda Ndollori","512","1456377.75","1325439.875","","",""
"BUA","BR","Borno","113","NIE BOS JRE","Jere","11304","NIE BOS JRE TUB","Tuba","BUA_11304_6439","BUA_1","112","1455373.625","1349967.625","","",""
"BUA","BR","Borno","121","NIE BOS MAR","Marte","12107","NIE BOS MAR KIR","Kirenowa","BUA_12107_6032","Hausari","428","1551014.375","1393427.25","","",""
"SSA","BR","Borno","121","NIE BOS MAR","Marte","12106","NIE BOS MAR KAB","Kabulawa","SSA_12106_1623","SSA_7","3","1506322.75","1375926.125","172","",""
"HA","BR","Borno","121","NIE BOS MAR","Marte","12113","NIE BOS MAR ZAN","Zaga Ngalori","HA_12113_29049","HA_4","2.5","1558723.5","1415646.625","311","",""
"SSA","BR","Borno","121","NIE BOS MAR","Marte","12112","NIE BOS MAR NJI","Njine","SSA_12112_21930","JSQ New Marte","3","1542833.375","1373643.5","269","",""
"SSA","BR","Borno","121","NIE BOS MAR","Marte","12103","NIE BOS MAR BAD","Badairi","SSA_12103_1855","SSA_11","3","1548762.0","1419590.125","111","",""
"HA","BR","Borno","121","NIE BOS MAR","Marte","12111","NIE BOS MAR MUW","Muwalli","HA_12111_88697","HA_1","1","1533878.75","1388760.375","13","",""
"HA","BR","Borno","126","NIE BOS NGZ","Nganzai","12607","NIE BOS NGZ KUD","Kuda","HA_12607_68253","HA_2","2.5","1449694.75","1384293.0","166","",""
"SSA","BR","Borno","126","NIE BOS NGZ","Nganzai","12610","NIE BOS NGZ MIY","Miye","SSA_12610_12349","Burari Kura B","3","1465404.625","1369064.25","101","",""
"HA","BR","Borno","126","NIE BOS NGZ","Nganzai","12601","NIE BOS NGZ GAD","Gadai","HA_12601_70235","Al Aisadari","1","1449796.0","1402215.375","12","",""
"SSA","BR","Borno","126","NIE BOS NGZ","Nganzai","12604","NIE BOS NGZ GAJ","Gajiram","SSA_12604_8178","Bulturam","3","1462981.5","1390116.0","24","",""
"BUA","BR","Borno","126","NIE BOS NGZ","Nganzai","12604","NIE BOS NGZ GAJ","Gajiram","BUA_12604_6162","Balamari","333","1470334.75","1401499.5","","",""
"BUA","BR","Borno","126","NIE BOS NGZ","Nganzai","12602","NIE BOS NGZ BAD","Badu","BUA_12602_6357","Badu Lawanti","90","1471489.5","1426038.0","","",""
"HA","BR","Borno","119","NIE BOS MAF","Mafa","11910","NIE BOS MAF MUJ","Mujigine","HA_11910_67675","HA_1","1","1540999.75","1347645.75","305","",""
"SSA","BR","Borno","119","NIE BOS MAF","Mafa","11908","NIE BOS MAF MAF","Mafa","SSA_11908_1787","SSA_17","3","1513276.25","1330099.125","60","",""
"BUA","BR","Borno","119","NIE BOS MAF","Mafa","11911","NIE BOS MAF  TAN","Tamsu Ngamdua","BUA_11911_7238","Gajire","1333","1470331.125","1328538.375","","",""
"BUA","BR","Borno","119","NIE BOS MAF","Mafa","11911","NIE BOS MAF  TAN","Tamsu Ngamdua","BUA_11911_7238","Gajire","1333","1469226.5","1327409.875","","",""
"BUA","BR","Borno","119","NIE BOS MAF","Mafa","11911","NIE BOS MAF  TAN","Tamsu Ngamdua","BUA_11911_7238","Gajire","1333","1469226.5","1326845.625","","",""
"BUA","BR","Borno","119","NIE BOS MAF","Mafa","11906","NIE BOS MAF LOS","Loskuri","BUA_11906_6017","Maiwa Baleri","83","1498144.75","1332539.875","","",""
"SSA","BR","Borno","103","NIE BOS BAM","Bama","10314","NIE BOS BAM ZAG","Zageri","SSA_10314_1497","SSA_7","3","1572323.25","1308697.625","141","",""
"BUA","BR","Borno","103","NIE BOS BAM","Bama","10311","NIE BOS NGL SHE","Shehuri","BUA_10311_5700","BUA_1","61","1585049.75","1297313.375","","",""
"BUA","BR","Borno","103","NIE BOS BAM","Bama","10310","NIE BOS BAM KAS","Kasugula","BUA_10310_6358","Kasugula Bama","1498","1523899.875","1291523.0","","",""
"BUA","BR","Borno","103","NIE BOS BAM","Bama","10303","NIE BOS BAM AND","Andara","BUA_10303_6013","BUA_2","178","1582288.375","1272417.0","","",""
"BUA","BR","Borno","103","NIE BOS BAM","Bama","10305","NIE BOS BAM BAN","Banki","BUA_10305_7556","Banki","2061","1574155.25","1259924.75","","",""
"BUA","BR","Borno","103","NIE BOS BAM","Bama","10304","NIE BOS BAM KUM","Kumshe","BUA_10304_6028","Kasugula Bama","779","1523648.875","1291061.875","","",""
"BUA","BR","Borno","108","NIE BOS DKW","Dikwa","10804","NIE BOS DKW GAJ","Gajibo","BUA_10804_7624","Ngabure","52","1560198.125","1353890.125","","",""
"BUA","BR","Borno","108","NIE BOS DKW","Dikwa","10803","NIE BOS DKW DIK","Dikwa","BUA_10803_7672","BUA_1","143","1547847.75","1350091.125","","",""
"BUA","BR","Borno","108","NIE BOS DKW","Dikwa","10803","NIE BOS DKW DIK","Dikwa","BUA_10803_7337","Kulagoru","564","1549353.875","1350296.5","","",""
"BUA","BR","Borno","108","NIE BOS DKW","Dikwa","10803","NIE BOS DKW DIK","Dikwa","BUA_10803_7337","Kulagoru","564","1549102.875","1350091.125","","",""
"BUA","BR","Borno","108","NIE BOS DKW","Dikwa","10808","NIE BOS DKW NGU","Ngudoram","BUA_10808_5751","Ngudoram","66","1557935.25","1351600.625","","",""
"BUA","BR","Borno","108","NIE BOS DKW","Dikwa","10807","NIE BOS DKW MKA","M. Kaza","BUA_10807_7345","BUA_1","41","1578921.0","1348418.0","","",""
"BUA","BR","Borno","106","NIE BOS CBK","Chibok","10610","NIE BOS CBK SHI","Shirarkir","BUA_10610_7123","Shikarkir Lawanti","78","1422532.125","1209768.125","","",""
"BUA","BR","Borno","106","NIE BOS CBK","Chibok","10611","NIE BOS CBK WHU","Whuntaku","BUA_10611_6044","Gusudae","206","1429360.0","1216975.625","","",""
"BUA","BR","Borno","106","NIE BOS CBK","Chibok","10607","NIE BOS CBK MBA","Mbalala","BUA_10607_5799","Bila Nkeki","394","1433125.375","1206343.875","","",""
"SSA","BR","Borno","106","NIE BOS CBK","Chibok","10609","NIE BOS CBK PEM","Pemi","SSA_10609_13215","Pemi Duse","3","1439714.5","1205962.125","174","",""
"BUA","BR","Borno","106","NIE BOS CBK","Chibok","10603","NIE BOS CBK KAU","Kautikari","BUA_10603_7160","Kautikari","250","1446379.625","1211454.875","","",""
"BUA","BR","Borno","106","NIE BOS CBK","Chibok","10604","NIE BOS CBK KUB","Kuburmbula","BUA_10604_7257","Kwada Nkyadana","39","1444622.375","1214521.875","","",""
"BUA","BR","Borno","111","NIE BOS GZA","Gwoza","11102","NIE BOS GZA BII","Bita Izge","BUA_11102_10371","Biwa","473","1483230.125","1232264.5","","",""
"HA","BR","Borno","111","NIE BOS GZA","Gwoza","11110","NIE BOS GZA KUR","Kuranabasa","HA_11110_4426","HA_11","9","1529564.375","1231586.0","341","",""
"BUA","BR","Borno","111","NIE BOS GZA","Gwoza","11105","NIE BOS GZA GAA","Gava Agapalawa","BUA_11105_10688","Amuda","158","1535744.625","1244132.25","","",""
"BUA","BR","Borno","111","NIE BOS GZA","Gwoza","11109","NIE BOS GZA KIR","Kirawa","BUA_11109_5684","Kirawa","489","1548597.125","1253854.625","","",""
"BUA","BR","Borno","111","NIE BOS GZA","Gwoza","11108","NIE BOS GZA HAU","Hausari","BUA_11108_5974","Gwoza Wakani Dalhatu","211","1524799.875","1241881.125","","",""
"BUA","BR","Borno","111","NIE BOS GZA","Gwoza","11103","NIE BOS GZA BUL","Bulabulin","BUA_11103_6218","Gwoza Wakani Dalhatu","1309","1523695.375","1242904.375","","",""
"BUA","BR","Borno","117","NIE BOS KWA","Kukawa","11707","NIE BOS KWA KAU","Kauwa","BUA_11707_6493","BUA_1","167","1522339.875","1453214.625","","",""
"BUA","BR","Borno","117","NIE BOS KWA","Kukawa","11706","NIE BOS KWA DOR","Doro","BUA_11706_7843","Duguri Masaram","397","1503659.875","1494734.75","","",""
"BUA","BR","Borno","117","NIE BOS KWA","Kukawa","11706","NIE BOS KWA DOR","Doro","BUA_11706_6320","Doron Baga","1182","1542066.75","1472611.375","","",""
"BUA","BR","Borno","117","NIE BOS KWA","Kukawa","11706","NIE BOS KWA DOR","Doro","BUA_11706_6320","Doron Baga","1182","1543723.625","1472456.75","","",""
"BUA","BR","Borno","117","NIE BOS KWA","Kukawa","11702","NIE BOS KWA BAG","Baga","BUA_11702_6794","Barwati","1311","1539406.0","1470755.625","","",""
"BUA","BR","Borno","117","NIE BOS KWA","Kukawa","11702","NIE BOS KWA BAG","Baga","BUA_11702_6794","Barwati","1311","1538301.375","1469724.75","","",""
"BUA","BR","Borno","110","NIE BOS GBL","Guzamala","11010","NIE BOS GBL GUD","Gudumbali East","BUA_11010_6536","Alhaji Bukarkururi","460","1467311.375","1453390.0","","",""
"BUA","BR","Borno","110","NIE BOS GBL","Guzamala","11010","NIE BOS GBL GUD","Gudumbali East","BUA_11010_6536","Alhaji Bukarkururi","460","1466458.0","1453184.0","","",""
"BUA","BR","Borno","110","NIE BOS GBL","Guzamala","11007","NIE BOS GBL GUO","Guworam","BUA_11007_5701","Burwa","447","1509734.75","1450917.5","","",""
"BUA","BR","Borno","110","NIE BOS GBL","Guzamala","11007","NIE BOS GBL GUO","Guworam","BUA_11007_5701","Burwa","447","1510086.125","1451175.0","","",""
"SSA","BR","Borno","110","NIE BOS GBL","Guzamala","11006","NIE BOS GBL MAI","Mairari","SSA_11006_1716","SSA_23","3","1498047.75","1428407.625","183","",""
"HA","BR","Borno","110","NIE BOS GBL","Guzamala","11005","NIE BOS GBL KIN","Kingarawa","HA_11005_67181","HA_29","1","1488160.625","1420367.75","79","",""
"HA","BR","Borno","107","NIE BOS DAM","Damboa","10701","NIE BOS DAM AZM","Azir Multe","HA_10701_83578","HA_4","1","1396691.625","1212840.5","134","",""
"SSA","BR","Borno","107","NIE BOS DAM","Damboa","10702","NIE BOS DAM BEG","Bego","SSA_10702_15956","Dole B","3","1430454.25","1242853.0","115","",""
"BUA","BR","Borno","107","NIE BOS DAM","Damboa","10703","NIE BOS DAM DAC","Damboa Central","BUA_10703_5878","Arege","897","1421323.625","1248655.625","","",""
"SSA","BR","Borno","107","NIE BOS DAM","Damboa","10708","NIE BOS DAM AJA","Ajigin A","SSA_10708_18021","SSA_1","3","1353210.375","1249475.5","1","",""
"SSA","BR","Borno","107","NIE BOS DAM","Damboa","10706","NIE BOS DAM NZW","Nzuda Wuyaram","SSA_10706_15755","SSA_1","3","1414854.625","1237207.875","250","",""
"BUA","BR","Borno","107","NIE BOS DAM","Damboa","10711","NIE BOS DAM KAM","Kafa Mafi","BUA_10711_7214","Damboa/Forfor","98","1388690.25","1268106.125","","",""
"BUA","BR","Borno","125","NIE BOS NGL","Ngala","12509","NIE BOS NGL WAR","Warshele","BUA_12509_7359","Warshele","44","1571587.375","1353983.0","","",""
"BUA","BR","Borno","125","NIE BOS NGL","Ngala","12502","NIE BOS NGL GAA","Gamboru A","BUA_12502_7225","Abuja Galadlma Road","766","1581327.25","1387527.0","","",""
"BUA","BR","Borno","125","NIE BOS NGL","Ngala","12503","NIE BOS NGL GAB","Gamboru B","BUA_12503_6349","Shehuri","1305","1580771.25","1389038.375","","",""
"BUA","BR","Borno","125","NIE BOS NGL","Ngala","12503","NIE BOS NGL GAB","Gamboru B","BUA_12503_6349","Shehuri","1305","1580570.5","1389449.625","","",""
"BUA","BR","Borno","125","NIE BOS NGL","Ngala","12510","NIE BOS NGL WUL","Wulgo","BUA_12510_6697","BUA_1","198","1565960.75","1408319.875","","",""
"BUA","BR","Borno","125","NIE BOS NGL","Ngala","12505","NIE BOS NGL LOG","Logumane","BUA_12505_5666","Logumane Lawanti","89","1560237.375","1368793.5","","",""
"HA","BR","Borno","120","NIE BOS MGM","Magumeri","12010","NIE BOS MGM NGA","Ngamma","HA_12010_77845","Goni Burwari","2.5","1412472.0","1378463.125","229","",""
"HA","BR","Borno","120","NIE BOS MGM","Magumeri","12012","NIE BOS MGM TIT","Titiwa","HA_12012_74591","Mallum Yanari","2","1432309.75","1367885.625","222","",""
"HA","BR","Borno","120","NIE BOS MGM","Magumeri","12006","NIE BOS MGM HOC","Hoyo Chingowa","HA_12006_17659","Alajeri","2.5","1439440.375","1350309.5","77","",""
"SSA","BR","Borno","120","NIE BOS MGM","Magumeri","12003","NIE BOS MGM BOR","Borno Yesu","SSA_12003_2267","SSA_26","3","1385919.625","1376821.125","210","",""
"BUA","BR","Borno","120","NIE BOS MGM","Magumeri","12005","NIE BOS MGM GAJ","Gajigana","BUA_12005_7060","Kori","313","1458923.5","1374547.0","","",""
"BUA","BR","Borno","120","NIE BOS MGM","Magumeri","12013","NIE BOS MGM NGA","Magumeri","BUA_12013_5873","Kasugula","273","1428348.625","1358727.5","","",""
"HA","BR","Borno","122","NIE BOS MBR","Mobbar","12206","NIE BOS MBR GAS","Gashigar","HA_12206_14127","Meru B Aliye","1","1436321.5","1482988.875","165","",""
"HA","BR","Borno","122","NIE BOS MBR","Mobbar","12204","NIE BOS MBR CHA","Chamba","HA_12204_975","HA_132","1.5","1407376.875","1466085.625","343","",""
"BUA","BR","Borno","122","NIE BOS MBR","Mobbar","12203","NIE BOS MBR DAM","Damasak","BUA_12203_7075","Mallam Hudu","415","1393004.25","1471859.0","","",""
"BUA","BR","Borno","122","NIE BOS MBR","Mobbar","12209","NIE BOS MBR ZUU","Zulum Umarti","BUA_12209_6412","Alhaji Buremti","376","1392954.0","1471188.875","","",""
"SSA","BR","Borno","122","NIE BOS MBR","Mobbar","12201","NIE BOS MBR ASA","Asaga","SSA_12201_12223","Melengarnari","3","1411378.875","1485376.625","327","",""
"HA","BR","Borno","122","NIE BOS MBR","Mobbar","12207","NIE BOS MBR KAR","Kareto","HA_12207_11469","HA_37","1","1403000.125","1434571.375","56","",""
"BUA","BR","Borno","114","NIE BOS KGG","Kaga","11401","NIE BOS KGG BES","Benisheikh","BUA_11401_6097","Bulama Bukar Kolo","560","1390745.0","1323932.875","","",""
"BUA","BR","Borno","114","NIE BOS KGG","Kaga","11401","NIE BOS KGG BES","Benisheikh","BUA_11401_6097","Bulama Bukar Kolo","560","1391096.375","1323727.75","","",""
"BUA","BR","Borno","114","NIE BOS KGG","Kaga","11410","NIE BOS KGG MAI","Mainok","BUA_11410_5845","Bulama Bukar","263","1406158.0","1326035.875","","",""
"HA","BR","Borno","114","NIE BOS KGG","Kaga","11405","NIE BOS KGG FAI","Fai","HA_11405_122851","HA_36","1","1407730.125","1268186.0","257","",""
"BUA","BR","Borno","114","NIE BOS KGG","Kaga","11411","NIE BOS KGG NGA","Ngamdu","BUA_11411_5789","Goni Umarti","419","1364839.125","1318650.5","","",""
"HA","BR","Borno","114","NIE BOS KGG","Kaga","11411","NIE BOS KGG NGA","Ngamdu","HA_11411_4960","HA_80","2","1381610.375","1335781.25","291","",""
"BUA","BR","Borno","124","NIE BOS MAG","Maiduguri","12407","NIE BOS MAG GW1","Gwange I","BUA_12407_7348","Sarkin Hausawa","530","1466551.0","1327287.75","","",""
"BUA","BR","Borno","124","NIE BOS MAG","Maiduguri","12402","NIE BOS MAG BO2","Bolori II","BUA_12402_8541","Bolori Gana","2772","1463538.75","1332982.125","","",""
"BUA","BR","Borno","124","NIE BOS MAG","Maiduguri","12413","NIE BOS MAG MAI","Maisandari","BUA_12413_8376","Kaigama","5128","1463840.0","1323184.375","","",""
"BUA","BR","Borno","124","NIE BOS MAG","Maiduguri","12413","NIE BOS MAG MAI","Maisandari","BUA_12413_8616","Kasula","2326","1458769.25","1325595.0","","",""
"BUA","BR","Borno","124","NIE BOS MAG","Maiduguri","12401","NIE BOS MAG BOL","Bolori I","BUA_12401_7117","Telari","309","1458919.875","1332725.625","","",""
"BUA","BR","Borno","124","NIE BOS MAG","Maiduguri","12401","NIE BOS MAG BOL","Bolori I","BUA_12401_10153","Shuwari","2709","1460827.625","1329801.375","","",""
"BUA","BR","Borno","102","NIE BOS ASU","Askira-Uba","10210","NIE BOS ASU RUC","Rumirgu Chul","BUA_10210_9606","Gadamayo","68","1451037.625","1186429.5","","",""
"BUA","BR","Borno","102","NIE BOS ASU","Askira-Uba","10203","NIE BOS ASU HAZ","Hausari Zadawa","BUA_10203_5621","Zadawa","675","1436227.125","1193325.375","","",""
"BUA","BR","Borno","102","NIE BOS ASU","Askira-Uba","10205","NIE BOS ASU LAS","Lassa","BUA_10205_7384","Giwa Lawan","359","1477495.75","1196901.625","","",""
"BUA","BR","Borno","102","NIE BOS ASU","Askira-Uba","10213","NIE BOS ASU WAG","Wamdeo Giwi","BUA_10213_7061","Tudun Wada","421","1461932.125","1178462.5","","",""
"BUA","BR","Borno","102","NIE BOS ASU","Askira-Uba","10211","NIE BOS ASU UBA","Uba","BUA_10211_6842","Kidisa","2213","1471521.375","1170395.25","","",""
"BUA","BR","Borno","102","NIE BOS ASU","Askira-Uba","10206","NIE BOS ASU MUS","Mussa","BUA_10206_6969","Burda","124","1463488.5","1201551.375","","",""
"BUA","BR","Borno","109","NIE BOS GUB","Gubio","10904","NIE BOS GUB GOI","Gubio 1","BUA_10904_6280","Lawanti","336","1423424.875","1401912.125","","",""
"SSA","BR","Borno","109","NIE BOS GUB","Gubio","10904","NIE BOS GUB GOI","Gubio 1","SSA_10904_8049","SSA_5","3","1433546.375","1392202.375","335","",""
"HA","BR","Borno","109","NIE BOS GUB","Gubio","10902","NIE BOS GUB FEL","Felo","HA_10902_3346","HA_34","1.5","1450388.125","1422947.625","178","",""
"BUA","BR","Borno","109","NIE BOS GUB","Gubio","10903","NIE BOS GUB GAZ","Gazabure","BUA_10903_7318","Gazabure Lawanti","69","1426885.375","1448507.75","","",""
"HA","BR","Borno","109","NIE BOS GUB","Gubio","10907","NIE BOS GUB NGE","Ngetra","HA_10907_243","HA_32","1","1408941.125","1424164.875","86","",""
"BUA","BR","Borno","109","NIE BOS GUB","Gubio","10905","NIE BOS GUB GOB","Gubio 2","BUA_10905_5899","Lawanti","213","1422366.875","1402601.5","","",""
"BUA","BR","Borno","104","NIE BOS BAY","Bayo","10405","NIE BOS BAY GAA","Jara-dali","BUA_10405_7207","Zange","46","1309656.5","1150459.875","","",""
"BUA","BR","Borno","104","NIE BOS BAY","Bayo","10402","NIE BOS BAY BRI","Briyel","BUA_10402_5848","Nokaram Ndiyam","246","1292436.125","1158930.875","","",""
"BUA","BR","Borno","104","NIE BOS BAY","Bayo","10408","NIE BOS BAY TEL","Telli","BUA_10408_5913","Garin Gado","77","1298008.875","1174500.375","","",""
"HA","BR","Borno","104","NIE BOS BAY","Bayo","10409","NIE BOS BAY WUY","Wuyo","HA_10409_8872","HA_4","1","1305020.75","1154779.125","309","",""
"BUA","BR","Borno","104","NIE BOS BAY","Bayo","10404","NIE BOS BAY GAM","Gamadadi","BUA_10404_7600","Gamadadi","110","1286461.75","1155307.5","","",""
"BUA","BR","Borno","104","NIE BOS BAY","Bayo","10407","NIE BOS BAY LIM","Limanti","BUA_10407_6883","Changom","180","1300720.0","1187931.375","","",""
"BUA","BR","Borno","116","NIE BOS KDG","Konduga","11609","NIE BOS KDG KON","Konduga","BUA_11609_6604","Mandarari","82","1491449.125","1307053.125","","",""
"HA","BR","Borno","116","NIE BOS KDG","Konduga","11607","NIE BOS KDG KAW","Kawuri","HA_11607_120425","HA_2","2","1518144.0","1292538.875","273","",""
"BUA","BR","Borno","116","NIE BOS KDG","Konduga","11602","NIE BOS KDG AUN","Auno","BUA_11602_9328","BUA_1","793","1454196.875","1329257.875","","",""
"BUA","BR","Borno","116","NIE BOS KDG","Konduga","11602","NIE BOS KDG AUN","Auno","BUA_11602_9328","BUA_1","793","1453945.875","1328693.625","","",""
"BUA","BR","Borno","116","NIE BOS KDG","Konduga","11602","NIE BOS KDG AUN","Auno","BUA_11602_7049","Bulama","1010","1453795.25","1327359.875","","",""
"SSA","BR","Borno","116","NIE BOS KDG","Konduga","11601","NIE BOS KDG AJI","Ajiri","SSA_11601_1461","Tarwashe Kura","3","1470357.0","1305310.75","327","",""
"BUA","BR","Borno","118","NIE BOS KWY","Kwaya Kusar","11808","NIE BOS KWY WAD","Wada","BUA_11808_6347","Milda","148","1332148.375","1160053.75","","",""
"BUA","BR","Borno","118","NIE BOS KWY","Kwaya Kusar","11801","NIE BOS KWY BIG","Bila Gusi","BUA_11801_6494","Kutiki","51","1339277.5","1166383.0","","",""
"BUA","BR","Borno","118","NIE BOS KWY","Kwaya Kusar","11810","NIE BOS KWY YIM","Yimirdalang","BUA_11810_6516","Bahe","55","1320396.625","1161860.75","","",""
"BUA","BR","Borno","118","NIE BOS KWY","Kwaya Kusar","11806","NIE BOS KWY KWK","Kwaya Kusar","BUA_11806_5985","Ibrahim Baidu","610","1317936.625","1175133.75","","",""
"HA","BR","Borno","118","NIE BOS KWY","Kwaya Kusar","11806","NIE BOS KWY KWK","Kwaya Kusar","HA_11806_68623","Pamin","1.5","1319582.875","1187908.875","68","",""
"BUA","BR","Borno","118","NIE BOS KWY","Kwaya Kusar","11807","NIE BOS KWY PET","Peta","BUA_11807_6219","Anguwan Audu","275","1327676.375","1157318.5","","",""
"BUA","BR","Borno","123","NIE BOS MNG","Monguno","12308","NIE BOS MNG NGU","Ngurno","BUA_12308_7845","BUA_1","109","1544060.375","1437766.0","","",""
"BUA","BR","Borno","123","NIE BOS MNG","Monguno","12308","NIE BOS MNG NGU","Ngurno","BUA_12308_6197","BUA_1","268","1540797.0","1437354.125","","",""
"HA","BR","Borno","123","NIE BOS MNG","Monguno","12310","NIE BOS MNG WUL","Wulo","HA_12310_88139","HA_2","1","1501764.125","1412681.875","81","",""
"BUA","BR","Borno","123","NIE BOS MNG","Monguno","12303","NIE BOS MNG KUM","Kumalia","BUA_12303_8590","Monguno","1372","1516548.0","1422221.375","","",""
"BUA","BR","Borno","123","NIE BOS MNG","Monguno","12303","NIE BOS MNG KUM","Kumalia","BUA_12303_8590","Monguno","1372","1516497.75","1422581.5","","",""
"BUA","BR","Borno","123","NIE BOS MNG","Monguno","12303","NIE BOS MNG KUM","Kumalia","BUA_12303_8590","Monguno","1372","1516045.875","1422684.5","","",""
"BUA","BR","Borno","127","NIE BOS SHN","Shani","12710","NIE BOS SHN SHA","Shani","BUA_12710_5941","Anguwar Babeto","651","1342737.875","1143950.125","","",""
"BUA","BR","Borno","127","NIE BOS SHN","Shani","12710","NIE BOS SHN SHA","Shani","BUA_12710_6822","Bakaina Bura","79","1339575.0","1134768.625","","",""
"BUA","BR","Borno","127","NIE BOS SHN","Shani","12703","NIE BOS SHN GAS","Gasi","BUA_12703_8741","Jauro Gotel","69","1307996.0","1129719.75","","",""
"BUA","BR","Borno","127","NIE BOS SHN","Shani","12701","NIE BOS SHN BAR","Bargu","BUA_12701_5795","Kirkatha","487","1331241.0","1127527.125","","",""
"BUA","BR","Borno","127","NIE BOS SHN","Shani","12704","NIE BOS SHN GOR","Gora","BUA_12704_5764","Baure","209","1327124.125","1124671.625","","",""
"BUA","BR","Borno","127","NIE BOS SHN","Shani","12707","NIE BOS SHN KUB","Kubo","BUA_12707_6900","Anguwan Gotogoto","248","1338872.125","1130076.75","","",""
"BUA","KD","Kaduna","19014","NIE KDS KRU","Kauru","KD1404","NIE KNS DKD DAW","Dawaki","BUA_KD1404_6378","Unguwan Akawu","71","884294.8125","1176975.375","","",""
"BUA","KD","Kaduna","19014","NIE KDS KRU","Kauru","KD1408","NIE KDS KRU KUW","Kauru West","BUA_KD1408_6104","Unguwar Ganye","135","904678.0625","1178813.625","","",""
"HA","KD","Kaduna","19014","NIE KDS KRU","Kauru","KD1408","NIE KDS KRU KUW","Kauru West","HA_KD1408_72235","HA_11","2.5","903241.0","1169790.125","138","",""
"BUA","KD","Kaduna","19014","NIE KDS KRU","Kauru","KD1410","NIE KDS KRU MAK","Makami","BUA_KD1410_6372","Unguwan Jarmai","255","898101.1875","1195822.375","","",""
"BUA","KD","Kaduna","19014","NIE KDS KRU","Kauru","KD1409","NIE KDS KRU KSS","Kwassam","BUA_KD1409_6545","Katandama","284","918635.0625","1157781.125","","",""
"HA","KD","Kaduna","19014","NIE KDS KRU","Kauru","KD1406","NIE KDS KRU KAM","Kamaru","HA_KD1406_79632","Unguwan Muni","10.5","954408.1875","1103443.375","296","",""
"BUA","KD","Kaduna","19019","NIE KDS SBG","Sabon Gari","KD1904","NIE KDS SBG DOG","Dogarawa","BUA_KD1904_6235","Layin Nana Quality","677","860095.9375","1247820.875","","",""
"BUA","KD","Kaduna","19019","NIE KDS SBG","Sabon Gari","KD1903","NIE KDS SBG CHI","Chikaji","BUA_KD1903_5881","Layin Talakawa","341","859694.3125","1245109.0","","",""
"BUA","KD","Kaduna","19019","NIE KDS SBG","Sabon Gari","KD1911","NIE KDS ANC ZAB","Zabi","BUA_KD1911_6067","Yantukwane","624","860698.4375","1247513.875","","",""
"BUA","KD","Kaduna","19019","NIE KDS SBG","Sabon Gari","KD1907","NIE KDS SBG JUS","Jushi","BUA_KD1907_5980","Lungun Dan Asabe Mai Chemist","820","860698.4375","1243267.125","","",""
"BUA","KD","Kaduna","19019","NIE KDS SBG","Sabon Gari","KD1905","NIE KDS SBG HAN","Hanwa","BUA_KD1905_5971","Layin Jim Harrison","2437","857635.875","1246951.0","","",""
"SSA","KD","Kaduna","19019","NIE KDS SBG","Sabon Gari","KD1905","NIE KDS SBG HAN","Hanwa","SSA_KD1905_7182","Kwarin Ayuba","3","855525.1875","1245656.625","106","",""
"HA","KD","Kaduna","19005","NIE KDS KAR","Ikara","KD0504","NIE KDS KAR KUK","Kurmin Kogi","HA_KD0504_79806","Bakwalo","35","916894.1875","1265770.0","88","",""
"BUA","KD","Kaduna","19005","NIE KDS KAR","Ikara","KD0504","NIE KDS KAR KUK","Kurmin Kogi","BUA_KD0504_6683","Kulun","120","902515.5625","1255569.0","","",""
"BUA","KD","Kaduna","19005","NIE KDS KAR","Ikara","KD0501","NIE KDS KAR AUC","Auchan","BUA_KD0501_6882","Allah Gaba","34","893679.5","1282296.5","","",""
"BUA","KD","Kaduna","19005","NIE KDS KAR","Ikara","KD0502","NIE KDS KAR IKA","Ikara","BUA_KD0502_6137","Ikara","740","914765.625","1251781.875","","",""
"BUA","KD","Kaduna","19005","NIE KDS KAR","Ikara","KD0502","NIE KDS KAR IKA","Ikara","BUA_KD0502_6452","Anguwar Gabas","54","909845.5","1252191.25","","",""
"HA","KD","Kaduna","19005","NIE KDS KAR","Ikara","KD0509","NIE KDS KAR SAU","Saulawa","HA_KD0509_21949","Jallawa","3.5","906064.8125","1270491.875","81","",""
"HA","KD","Kaduna","19021","NIE KDS MGN","Soba","KD2110","NIE KNS KRY TUR","Turawa","HA_KD2110_86292","HA_14","11.5","904268.875","1242782.0","79","",""
"BUA","KD","Kaduna","19021","NIE KDS MGN","Soba","KD2101","NIE KDS MGN DAN","Danwata","BUA_KD2101_6698","Anguwan Gardawa","143","911552.5","1224976.875","","",""
"BUA","KD","Kaduna","19021","NIE KDS MGN","Soba","KD2105","NIE KDS MGN KIN","Kinkiba","BUA_KD2105_6363","Fada","160","877111.8125","1232187.5","","",""
"BUA","KD","Kaduna","19021","NIE KDS MGN","Soba","KD2111","NIE KDS MGN SOB","Soba","BUA_KD2111_6507","Shalabari","54","901862.9375","1231676.125","","",""
"BUA","KD","Kaduna","19021","NIE KDS MGN","Soba","KD2102","NIE KDS MGN GAM","Gamagira","BUA_KD2102_7173","Unguwar Rimi Danjaba","40","874902.75","1213422.625","","",""
"SSA","KD","Kaduna","19021","NIE KDS MGN","Soba","KD2107","NIE KDS MGN MAI","Maigana","SSA_KD2107_8599","Sawaya","3","876399.875","1224640.25","335","",""
"HA","KD","Kaduna","19001","NIE KDS BNG","Birnin Gwari","KD0101","NIE KDS BNG GAY","Gayam","HA_KD0101_75453","HA_22","1.5","743857.25","1192133.375","168","",""
"SSA","KD","Kaduna","19001","NIE KDS BNG","Birnin Gwari","KD0110","","Kuyello","SSA_KD0110_8423","Unguwar Gara","3","764853.375","1250309.375","175","",""
"BUA","KD","Kaduna","19001","NIE KDS BNG","Birnin Gwari","KD0105","NIE KDS BNG MG3","Magajin Gari 3","BUA_KD0105_5998","Ung Ayuba Sabuwan Unguwa","183","767865.5","1238376.625","","",""
"HA","KD","Kaduna","19001","NIE KDS BNG","Birnin Gwari","KD0108","","Dogondawa","HA_KD0108_6512","Rugan Alhaji Bukko","2","786355.6875","1242743.875","104","",""
"BUA","KD","Kaduna","19001","NIE KDS BNG","Birnin Gwari","KD0102","NIE KDS BNG KAK","Kakangi","BUA_KD0102_6288","Unguwan Gobirawa","236","707465.125","1192287.75","","",""
"BUA","KD","Kaduna","19001","NIE KDS BNG","Birnin Gwari","KD0104","NIE KDS BNG MGG","Magajin Gari 2","BUA_KD0104_5870","Magajin Gari 2","836","727095.3125","1193820.25","","",""
"SSA","KD","Kaduna","19016","NIE KDS HKY","Kudan","KD1601","NIE KNS TFA DOK","Doka","SSA_KD1601_9436","Unguwar Malam Idi","3","868283.9375","1268136.0","207","",""
"BUA","KD","Kaduna","19016","NIE KDS HKY","Kudan","KD1608","NIE KDS HKY SBG","Sabon Garin","BUA_KD1608_6617","Anguwan Sallau","99","852859.0625","1264547.625","","",""
"BUA","KD","Kaduna","19016","NIE KDS HKY","Kudan","KD1604","NIE KDS HKY KWN","Kauran Wali North","BUA_KD1604_7471","Kauran Wali North","151","870481.0625","1267977.875","","",""
"BUA","KD","Kaduna","19016","NIE KDS HKY","Kudan","KD1603","NIE KDS HKY HUN","Hunkuyi","BUA_KD1603_6230","Hunkuyi","425","851553.75","1261732.0","","",""
"BUA","KD","Kaduna","19016","NIE KDS HKY","Kudan","KD1606","NIE KDS HKY KDA","Kudan","BUA_KD1606_7620","Kudan","381","860791.5","1267107.5","","",""
"BUA","KD","Kaduna","19016","NIE KDS HKY","Kudan","KD1607","NIE KDS HKY LKO","Likoro","BUA_KD1607_6861","Likoro","269","867518.9375","1255385.0","","",""
"BUA","KD","Kaduna","19018","NIE KDS MKR","Makarfi","KD1805","NIE KDS MKR GUB","Gubuchi","BUA_KD1805_6183","Anguwan Shuaibu","326","893073.375","1259275.0","","",""
"BUA","KD","Kaduna","19018","NIE KDS MKR","Makarfi","KD1804","NIE KDS MKR GIM","Gimi","BUA_KD1804_7713","Gimi Tasha","46","881777.1875","1270230.75","","",""
"SSA","KD","Kaduna","19018","NIE KDS MKR","Makarfi","KD1808","NIE KDS MKR MEY","Meyari","SSA_KD1808_17022","Kana Kargo Sabuwa","3","888847.4375","1262827.25","313","",""
"HA","KD","Kaduna","19018","NIE KDS MKR","Makarfi","KD1809","NIE KDS MKR NAW","Nasarawa Wandoya","HA_KD1809_76176","Rugar Hardo","4.5","882756.25","1260203.5","2","",""
"SSA","KD","Kaduna","19018","NIE KDS MKR","Makarfi","KD1801","NIE KDS MKR DAD","Dan Damisa","SSA_KD1801_9270","Anguwan Gajere","3","875635.1875","1255786.875","142","",""
"BUA","KD","Kaduna","19018","NIE KDS MKR","Makarfi","KD1803","NIE KDS MKR GAZ","Gazara","BUA_KD1803_7018","Angwan Samaila","65","884187.0625","1280217.125","","",""
"BUA","KD","Kaduna","19004","NIE KDS TRK","Igabi","KD0409","NIE KDS TRK RGS","Rigasa","BUA_KD0409_9450","Rigasa","7531","823083.8125","1177496.875","","",""
"BUA","KD","Kaduna","19004","NIE KDS TRK","Igabi","KD0409","NIE KDS TRK RGS","Rigasa","BUA_KD0409_9450","Rigasa","7531","819368.625","1180203.375","","",""
"BUA","KD","Kaduna","19004","NIE KDS TRK","Igabi","KD0409","NIE KDS TRK RGS","Rigasa","BUA_KD0409_9450","Rigasa","7531","821376.8125","1176731.0","","",""
"BUA","KD","Kaduna","19004","NIE KDS TRK","Igabi","KD0412","NIE KDS TRK ZAA","Zangon Aya","BUA_KD0412_6582","Dogon Dawa","121","851148.4375","1221183.5","","",""
"SSA","KD","Kaduna","19004","NIE KDS TRK","Igabi","KD0411","NIE KDS TRK TUR","Turunku","SSA_KD0411_18937","Hayin Mai Itu Unguwar Mallam Amadu","3","849234.75","1219496.375","137","",""
"HA","KD","Kaduna","19004","NIE KDS TRK","Igabi","KD0408","NIE KDS TRK RIC","Rigachikun","HA_KD0408_82328","Tungar Togace","1","847628.4375","1185558.25","132","",""
"BUA","KD","Kaduna","19002","NIE KDS KJM","Chikun","KD0210","NIE KDS KJM SGN","Sabon Gari Nassarawa","BUA_KD0210_6907","Sabon Gari Nassarawa","900","821728.25","1173412.125","","",""
"BUA","KD","Kaduna","19002","NIE KDS KJM","Chikun","KD0211","NIE KDS KJM SAT","Sabon Tasha","BUA_KD0211_6391","Nnpc Quarters","239","833074.625","1168919.375","","",""
"HA","KD","Kaduna","19002","NIE KDS KJM","Chikun","KD0201","NIE KDS KJM CHI","Chikun","HA_KD0201_22913","Unguwan Samari","3.5","790467.6875","1125611.625","335","",""
"BUA","KD","Kaduna","19002","NIE KDS KJM","Chikun","KD0209","NIE KDS KJM RID","Rido","BUA_KD0209_8007","Jan Ruwa","340","832723.1875","1171829.375","","",""
"BUA","KD","Kaduna","19002","NIE KDS KJM","Chikun","KD0209","NIE KDS KJM RID","Rido","BUA_KD0209_6623","Rido","174","834882.0","1164325.125","","",""
"BUA","KD","Kaduna","19002","NIE KDS KJM","Chikun","KD0203","NIE KDS KJM KAK","Kakau","BUA_KD0203_6994","Kakau","4206","825393.25","1167234.75","","",""
"BUA","KD","Kaduna","19011","NIE KDS KGK","Kagarko","KD1110","NIE KDS KGK KUS","Kushe","BUA_KD1110_5990","Kasebere","74","864854.4375","1057443.0","","",""
"BUA","KD","Kaduna","19011","NIE KDS KGK","Kagarko","KD1104","NIE KDS KGK JES","Jere South","BUA_KD1104_5949","Pankere","194","826949.5625","1069812.875","","",""
"BUA","KD","Kaduna","19011","NIE KDS KGK","Kagarko","KD1102","NIE KDS KGK IDD","Iddah","BUA_KD1102_6037","Ungwan Iddah","233","818310.625","1053392.125","","",""
"BUA","KD","Kaduna","19011","NIE KDS KGK","Kagarko","KD1102","NIE KDS KGK IDD","Iddah","BUA_KD1102_5889","Iddah","346","808420.25","1044639.75","","",""
"BUA","KD","Kaduna","19011","NIE KDS KGK","Kagarko","KD1101","NIE KDS KGK ARI","Aribi","BUA_KD1101_6317","Unguwar Waje","87","873184.8125","1065811.5","","",""
"HA","KD","Kaduna","19011","NIE KDS KGK","Kagarko","KD1106","NIE KDS KGK KGK","Kagarko South","HA_KD1106_22371","HA_22","1","839741.4375","1061467.5","335","",""
"HA","KD","Kaduna","19013","NIE KDS KRA","Kaura","KD1302","NIE KDS KRA BON","Bondong","HA_KD1302_121160","Barry Passal","34.5","955482.6875","1085480.0","128","",""
"HA","KD","Kaduna","19013","NIE KDS KRA","Kaura","KD1310","NIE KDS KRA ZKA","Zankan","HA_KD1310_82122","HA_9","19","953189.5625","1076349.75","240","",""
"BUA","KD","Kaduna","19013","NIE KDS KRA","Kaura","KD1306","NIE KDS KRA KPA","Kpak","BUA_KD1306_6594","Kpak","384","935740.375","1074772.375","","",""
"BUA","KD","Kaduna","19013","NIE KDS KRA","Kaura","KD1309","NIE KDS KRA MAN","Manchok","BUA_KD1309_6135","Ungwan Gambo Tibishi","190","947739.375","1081901.75","","",""
"BUA","KD","Kaduna","19013","NIE KDS KRA","Kaura","KD1303","NIE KBS DRD FAD","Fada","BUA_KD1303_6217","Unguwar Didam","491","934686.0625","1075027.0","","",""
"BUA","KD","Kaduna","19013","NIE KDS KRA","Kaura","KD1305","NIE SOS WMK KAU","Kaura","BUA_KD1305_6741","Unguwan Samaila Zaria","198","947187.125","1081137.875","","",""
"HA","KD","Kaduna","19003","NIE KDS GKW","Giwa","KD0307","NIE KDS GKW KID","Kidandan","HA_KD0307_22675","HA_122","3","816357.3125","1234702.375","83","",""
"SSA","KD","Kaduna","19003","NIE KDS GKW","Giwa","KD0310","NIE KDS GKW WAZ","Wazata","SSA_KD0310_7920","Unguwar Jumare","3","830186.5625","1235229.625","314","",""
"BUA","KD","Kaduna","19003","NIE KDS GKW","Giwa","KD0305","NIE KDS GKW IDA","Idasu","BUA_KD0305_5887","Kwakware B Gabas","396","805558.5625","1261312.75","","",""
"BUA","KD","Kaduna","19003","NIE KDS GKW","Giwa","KD0306","NIE KDS BNG KAK","Kakangi","BUA_KD0306_6438","Sabon Birni","100","830560.6875","1259623.5","","",""
"SSA","KD","Kaduna","19003","NIE KDS GKW","Giwa","KD0303","NIE KTS JBY GAN","Gangara","SSA_KD0303_6801","Sabo Gida Buhari","3","831662.1875","1266069.5","116","",""
"HA","KD","Kaduna","19003","NIE KDS GKW","Giwa","KD0301","NIE KDS GKW DAN","Danmahawayi","HA_KD0301_80848","Unguwar Ardo","10.5","841793.9375","1268306.25","19","",""
"HA","KD","Kaduna","19012","NIE KDS KJR","Kajuru","KD1206","NIE KDS KJR KAM","Kasuwan Magani","HA_KD1206_27511","Gurgu","7.5","860982.625","1161761.375","229","",""
"BUA","KD","Kaduna","19012","NIE KDS KJR","Kajuru","KD1206","NIE KDS KJR KAM","Kasuwan Magani","BUA_KD1206_6429","Kasuwan Magani","601","859324.5625","1164162.25","","",""
"HA","KD","Kaduna","19012","NIE KDS KJR","Kajuru","KD1207","NIE KDS KJR KUF","Kufana","HA_KD1207_28322","Unguwan Danladi","10","865513.4375","1145620.25","148","",""
"HA","KD","Kaduna","19012","NIE KDS KJR","Kajuru","KD1203","NIE KDS KJR IDO","Idon","HA_KD1203_124938","Makyali","8","880891.9375","1139624.25","64","",""
"HA","KD","Kaduna","19012","NIE KDS KJR","Kajuru","KD1205","NIE KDS KJR KAL","Kallah","HA_KD1205_24627","Unguwar Sarki Libere","3","883226.4375","1167455.75","170","",""
"BUA","KD","Kaduna","19012","NIE KDS KJR","Kajuru","KD1209","NIE KDS KJR RIM","Rimau","BUA_KD1209_6221","Rimau","155","864345.0625","1165591.5","","",""
"BUA","KD","Kaduna","19009","NIE KDS DKA","Kaduna North","KD0911","NIE KDS DKA UGS","Unguwar Sarki","BUA_KD0911_5674","Unguwar Sarki","2272","830506.8125","1180755.375","","",""
"BUA","KD","Kaduna","19009","NIE KDS DKA","Kaduna North","KD0905","NIE KDS DKA KAW","Kawo","BUA_KD0905_5521","Sabon Kawo","1195","829251.6875","1184790.0","","",""
"BUA","KD","Kaduna","19009","NIE KDS DKA","Kaduna North","KD0904","NIE KDS DKA KAB","Kabala","BUA_KD0904_5727","Kabala","2249","829402.3125","1177436.125","","",""
"BUA","KD","Kaduna","19009","NIE KDS DKA","Kaduna North","KD0901","NIE ZAS SKF BAD","Badarawa","BUA_KD0901_5737","Badarawa","2010","829854.125","1182747.125","","",""
"BUA","KD","Kaduna","19009","NIE KDS DKA","Kaduna North","KD0909","NIE KDS DKA UND","Unguwan Dosa","BUA_KD0909_5646","Unguwan Dosa","786","830054.9375","1183972.875","","",""
"BUA","KD","Kaduna","19009","NIE KDS DKA","Kaduna North","KD0910","NIE KNS TFA UNR","Unguwar Rimi","BUA_KD0910_5775","Unguwar Rimi","2518","830506.8125","1178763.875","","",""
"BUA","KD","Kaduna","19006","NIE KDS KWB","Jaba","KD0609","NIE KDS KWB SAZ","Sabzuro","BUA_KD0609_6607","Ungwar Shanono","61","890652.5","1058044.125","","",""
"BUA","KD","Kaduna","19006","NIE KDS KWB","Jaba","KD0608","NIE KDS KWB SAB","Sabchem","BUA_KD0608_6461","Sabchem","220","891907.625","1056822.625","","",""
"BUA","KD","Kaduna","19006","NIE KDS KWB","Jaba","KD0607","NIE KDS KWB NOK","Nok","BUA_KD0607_6109","Nok","265","892657.0625","1061424.125","","",""
"HA","KD","Kaduna","19006","NIE KDS KWB","Jaba","KD0602","NIE KDS KWB DAD","Daddu","HA_KD0602_22362","Joshua Yakubu","3","903349.0625","1069053.0","313","",""
"BUA","KD","Kaduna","19006","NIE KDS KWB","Jaba","KD0605","NIE BOS KGG FAI","Fai","BUA_KD0605_7779","Unguwar Haruna","127","887636.5625","1067023.75","","",""
"BUA","KD","Kaduna","19006","NIE KDS KWB","Jaba","KD0603","NIE KDS KWB DUB","Dura Bitaro","BUA_KD0603_6154","Unguwar Amadu","134","886582.25","1060864.125","","",""
"BUA","KD","Kaduna","19010","NIE KDS MKA","Kaduna South","KD1011","NIE KDS MKA TWW","Tudun Wada West","BUA_KD1011_5661","Sabon Gari West","1243","822068.6875","1175005.875","","",""
"BUA","KD","Kaduna","19010","NIE KDS MKA","Kaduna South","KD1008","NIE KDS MKA TUN","Tudun Nupawa","BUA_KD1008_5815","Tudun Nupawa","695","826285.9375","1178171.75","","",""
"BUA","KD","Kaduna","19010","NIE KDS MKA","Kaduna South","KD1002","NIE KDS MKA BAR","Barnawa","BUA_KD1002_5862","Jama'A Road","2840","826436.5625","1174444.25","","",""
"BUA","KD","Kaduna","19010","NIE KDS MKA","Kaduna South","KD1013","NIE KDS MKA UNS","Unguwan Sanusi","BUA_KD1013_5472","Unguwan Sanusi","498","823574.8125","1178631.375","","",""
"BUA","KD","Kaduna","19010","NIE KDS MKA","Kaduna South","KD1004","NIE KDS MKA KKH","Kakuri Hausa","BUA_KD1004_5599","Kakuri Hausa","610","825181.375","1171891.375","","",""
"BUA","KD","Kaduna","19010","NIE KDS MKA","Kaduna South","KD1001","NIE KDS MKA BAD","Badiko","BUA_KD1001_6188","Badiko","1553","825783.875","1181286.75","","",""
"BUA","KD","Kaduna","19017","NIE KDS SNK","Lere","KD1703","NIE KDS SNK GAM","Garu Mariri","BUA_KD1703_6706","Unguwan Nata'Ala","195","955413.4375","1138415.25","","",""
"BUA","KD","Kaduna","19017","NIE KDS SNK","Lere","KD1701","NIE KDS SNK ABA","Abadawa","BUA_KD1701_6253","Unguwan Sarki Ibrahim Bakin Kasuwa","657","968466.75","1164183.0","","",""
"BUA","KD","Kaduna","19017","NIE KDS SNK","Lere","KD1711","NIE KDS SNK SAM","Saminaka","BUA_KD1711_6685","Saminaka","1169","967408.75","1167113.25","","",""
"HA","KD","Kaduna","19017","NIE KDS SNK","Lere","KD1709","NIE KDS SNK RAM","Raminkura","HA_KD1709_13443","Rugan Wakili Tukur","1.5","942230.5625","1160625.375","229","",""
"SSA","KD","Kaduna","19017","NIE KDS SNK","Lere","KD1705","NIE KDS SNK KAY","Kayarda","SSA_KD1705_9457","Amawa Kakum","3","961198.0","1177656.875","286","",""
"BUA","KD","Kaduna","19017","NIE KDS SNK","Lere","KD1704","NIE KDS SNK GUK","Gure Kahugu","BUA_KD1704_6369","Fadama","398","933620.75","1155170.0","","",""
"HA","KD","Kaduna","19008","NIE KDS KCH","Kachia","KD0804","NIE KDS KCH BIS","Bishini","HA_KD0804_82681","HA_16","2.5","816690.625","1079768.375","76","",""
"BUA","KD","Kaduna","19008","NIE KDS KCH","Kachia","KD0808","NIE KDS KCH KAH","Kachia","BUA_KD0808_6050","Kachia","901","885423.875","1106927.25","","",""
"BUA","KD","Kaduna","19008","NIE KDS KCH","Kachia","KD0805","NIE KDS KCH DOW","Dokwa","BUA_KD0805_5922","Unguwan Sarki","375","821663.375","1124615.625","","",""
"BUA","KD","Kaduna","19008","NIE KDS KCH","Kachia","KD0810","NIE KDS KCH KUM","Kurmin Musa","BUA_KD0810_6589","Unguwar Sambo","239","892653.375","1071982.875","","",""
"HA","KD","Kaduna","19008","NIE KDS KCH","Kachia","KD0807","NIE KDS KCH GUM","Gumel","HA_KD0807_23040","Kurmin Baba","14","895337.375","1100525.25","52","",""
"BUA","KD","Kaduna","19008","NIE KDS KCH","Kachia","KD0809","NIE KDS KCH KAA","Katari","BUA_KD0809_6312","Katari","513","829445.1875","1084968.625","","",""
"BUA","KD","Kaduna","19022","NIE KDS ZKW","Zangon Kataf","KD2201","NIE KDS ZKW GIJ","Gidan Jatau","BUA_KD2201_6198","Kamrum 1","126","915496.6875","1079009.875","","",""
"BUA","KD","Kaduna","19022","NIE KDS ZKW","Zangon Kataf","KD2202","NIE BOS SHN GOR","Gora","BUA_KD2202_6117","Unguwan Tokan Kawai","217","923429.125","1109781.25","","",""
"BUA","KD","Kaduna","19022","NIE KDS ZKW","Zangon Kataf","KD2210","NIE KDS ZKW ZON","Zonkwa","BUA_KD2210_6199","Zonkwa Central","1377","923429.125","1094443.375","","",""
"HA","KD","Kaduna","19022","NIE KDS ZKW","Zangon Kataf","KD2210","NIE KDS ZKW ZON","Zonkwa","HA_KD2210_28159","Ramai","17.5","921083.0","1096203.125","351","",""
"HA","KD","Kaduna","19022","NIE KDS ZKW","Zangon Kataf","KD2203","NIE KDS ZKW IKU","Ikulu","HA_KD2203_27317","Unguwar Bijimi","8.5","907589.5","1106372.875","278","",""
"BUA","KD","Kaduna","19022","NIE KDS ZKW","Zangon Kataf","KD2206","NIE KDS ZKW UNG","Unguwar Gaya","BUA_KD2206_6168","Samaru","1062","932917.875","1092201.75","","",""
"HA","KD","Kaduna","19007","NIE KDS KAF","Jema'A","KD0711","NIE KDS KAF MIG","Maigizo","HA_KD0711_28286","Zibin","19.5","924843.875","1070957.125","95","",""
"BUA","KD","Kaduna","19007","NIE KDS KAF","Jema'A","KD0707","NIE KDS KAF KAA","Kafanchan A","BUA_KD0707_6026","Kafanchan A","541","922521.75","1071188.75","","",""
"BUA","KD","Kaduna","19007","NIE KDS KAF","Jema'A","KD0706","NIE KDS KAF JAI","Jagindi","BUA_KD0706_6125","Unguwar Kogum","145","915643.625","1034394.875","","",""
"BUA","KD","Kaduna","19007","NIE KDS KAF","Jema'A","KD0704","NIE KDS KAF GIW","Gidan Waya","BUA_KD0704_6095","Chipto","820","933265.625","1060294.625","","",""
"BUA","KD","Kaduna","19007","NIE KDS KAF","Jema'A","KD0712","NIE KDS KAF TAK","Takau","BUA_KD0712_6328","Bala Waje","576","924278.9375","1071239.75","","",""
"HA","KD","Kaduna","19007","NIE KDS KAF","Jema'A","KD0709","NIE KDS KAF KAO","Kagoma","HA_KD0709_89465","Ha Gah","16.5","906633.75","1060342.5","107","",""
"HA","KD","Kaduna","19020","NIE KDS GWT","Sanga","KD2010","NIE KDS GWT NNW","Ninzo West","HA_KD2010_80114","Godo","2","939436.625","1023772.75","203","",""
"BUA","KD","Kaduna","19020","NIE KDS GWT","Sanga","KD2006","NIE JIS RNG KAR","Karshi","BUA_KD2006_6286","Sabon Gari","550","955305.6875","1049098.125","","",""
"BUA","KD","Kaduna","19020","NIE KDS GWT","Sanga","KD2005","NIE KDS GWT GWA","Gwantu","BUA_KD2005_5993","Gwantu","627","941147.8125","1032055.0625","","",""
"HA","KD","Kaduna","19020","NIE KDS GWT","Sanga","KD2002","NIE KDS GWT ARA","Arak","HA_KD2002_89351","Rugar Doka","3","934813.0","1042993.4375","212","",""
"HA","KD","Kaduna","19020","NIE KDS GWT","Sanga","KD2008","NIE KDS GWT NIN","Ninzo North","HA_KD2008_29452","Kwassi Titi","1","947846.4375","1024509.1875","294","",""
"BUA","KD","Kaduna","19020","NIE KDS GWT","Sanga","KD2004","NIE KDS GWT BOK","Bokana","BUA_KD2004_6061","Bokana","483","957916.3125","1044925.6875","","",""
"BUA","KD","Kaduna","19015","NIE KDS ANC","Kubau","KD1509","NIE KDS ANC PAB","Pambegua","BUA_KD1509_6758","Pambegua","1138","921266.625","1195119.5","","",""
"HA","KD","Kaduna","19015","NIE KDS ANC","Kubau","KD1506","NIE KDS ANC KGI","Kargi","HA_KD1506_27783","HA_10","3","929246.6875","1238833.0","159","",""
"HA","KD","Kaduna","19015","NIE KDS ANC","Kubau","KD1502","NIE KNS BBJ DAM","Damau","HA_KD1502_120614","Unguwar Maude","17.5","944166.875","1224226.875","351","",""
"HA","KD","Kaduna","19015","NIE KDS ANC","Kubau","KD1503","NIE KDS ANC DUW","Dutsen Wai","HA_KD1503_28112","HA_5","2","908631.3125","1215172.875","160","",""
"HA","KD","Kaduna","19015","NIE KDS ANC","Kubau","KD1504","NIE KDS ANC HKY","Haskiya","HA_KD1504_29084","Yar Saura","132","955748.25","1232089.125","143","",""
"HA","KD","Kaduna","19015","NIE KDS ANC","Kubau","KD1501","NIE KDS ANC ANC","Anchau","HA_KD1501_27324","Rika Sayawa","25","920186.5","1215456.25","42","",""
"BUA","KD","Kaduna","19023","NIE KDS ZAR","Zaria","KD2303","NIE KDS ZAR GYE","Gyellesu","BUA_KD2303_5735","Nagoyi Bypass","179","861167.4375","1240025.875","","",""
"BUA","KD","Kaduna","19023","NIE KDS ZAR","Zaria","KD2311","NIE KDS ZAR UNF","Unguwar Fatika","BUA_KD2311_5687","Anguwan Mahauta By Gidan Mahauta","172","856146.9375","1238695.875","","",""
"BUA","KD","Kaduna","19023","NIE KDS ZAR","Zaria","KD2305","NIE KDS ZAR KUE","Kufena","BUA_KD2305_5886","Kufena College Quarters Kuregu","66","853335.4375","1240997.875","","",""
"BUA","KD","Kaduna","19023","NIE KDS ZAR","Zaria","KD2304","NIE SOS WMK KAU","Kaura","BUA_KD2304_6046","Fam Madauchi","822","858305.75","1237928.625","","",""
"BUA","KD","Kaduna","19023","NIE KDS ZAR","Zaria","KD2308","NIE KDS ZAR LIK","Limancin Kona","BUA_KD2308_5699","Bataiya Tsakiya","495","857050.625","1238542.375","","",""
"BUA","KD","Kaduna","19023","NIE KDS ZAR","Zaria","KD2309","NIE KDS ZAR TUT","Tukur Tukur","BUA_KD2309_6205","Hayan Mamuda","1850","856498.375","1241867.625","","",""
"BUA","KN","Kano","20044","NIE KNS KBT","Kumbotso","KN2511","NIE KNS KBT PAN","Panshekara","BUA_KN2511_1594","Bakin Dogo","238","940965.5","1334459.375","","",""
"BUA","KN","Kano","20044","NIE KNS KBT","Kumbotso","KN2510","NIE KNS KBT NAI","Naibawa","BUA_KN2510_1474","Yan Lemo","735","951809.8125","1338051.125","","",""
"BUA","KN","Kano","20044","NIE KNS KBT","Kumbotso","KN2504","NIE KNS KBT DAM","Dan Maliki","BUA_KN2504_1691","Unguwar Tijjani Maibu","1076","949500.375","1339436.625","","",""
"BUA","KN","Kano","20044","NIE KNS KBT","Kumbotso","KN2504","NIE KNS KBT DAM","Dan Maliki","BUA_KN2504_1505","Sabuwar Gandu","1177","947341.5625","1340822.25","","",""
"BUA","KN","Kano","20044","NIE KNS KBT","Kumbotso","KN2505","NIE KNS KBT GAG","Garun Gawa","BUA_KN2505_1325","Unguwar Goje","227","948446.0625","1340360.375","","",""
"BUA","KN","Kano","20044","NIE KNS KBT","Kumbotso","KN2509","NIE KNS KBT MAR","Mariri","BUA_KN2509_1772","Mariri","464","959441.0","1340514.25","","",""
"BUA","KN","Kano","20032","NIE KNS RGG","Rogo","KN3401","NIE KNS RGG BEL","Beli","BUA_KN3401_1063","Beli","220","873038.0","1282322.625","","",""
"BUA","KN","Kano","20032","NIE KNS RGG","Rogo","KN3404","NIE KNS RGG GWA","Gwangwan","BUA_KN3404_1100","Sabon Gari Bari","104","863348.4375","1296873.25","","",""
"BUA","KN","Kano","20032","NIE KNS RGG","Rogo","KN3408","NIE KNS RGG RUB","Ruwan Bago","BUA_KN3408_726","Ruwan Bago","34","863448.8125","1278071.375","","",""
"BUA","KN","Kano","20032","NIE KNS RGG","Rogo","KN3407","NIE KNS RGG RSG","Rogo Sabon Gari","BUA_KN3407_5058","Rogo Sabon Gari","448","870829.0","1294772.25","","",""
"SSA","KN","Kano","20032","NIE KNS RGG","Rogo","KN3406","NIE KNS RGG ROR","Rogo Ruma","SSA_KN3406_5685","Yarmadaka","3","871557.625","1300282.0","187","",""
"BUA","KN","Kano","20032","NIE KNS RGG","Rogo","KN3403","NIE KNS RGG FUL","Fulatan","BUA_KN3403_617","Fulatan","147","874845.375","1277047.0","","",""
"BUA","KN","Kano","20011","NIE KNS SML","Sumaila","KN3610","NIE KNS SML SIT","Sitti","BUA_KN3610_1142","Zamba","112","970636.6875","1262607.625","","",""
"BUA","KN","Kano","20011","NIE KNS SML","Sumaila","KN3608","NIE KNS SML RIM","Rimi","BUA_KN3608_1188","Farin Dutse","65","1000910.375","1272284.375","","",""
"HA","KN","Kano","20011","NIE KNS SML","Sumaila","KN3607","NIE BOS MAF MAS","Masu","HA_KN3607_29035","Rugar Kabiru","2","980476.625","1245868.625","32","",""
"HA","KN","Kano","20011","NIE KNS SML","Sumaila","KN3606","NIE KNS SML MAG","Magami","HA_KN3606_5982","Adamu Banye","1.5","991845.5","1254420.625","273","",""
"HA","KN","Kano","20011","NIE KNS SML","Sumaila","KN3605","NIE KNS TAK KAN","Kanawa","HA_KN3605_9219","Tisha","2","1005270.6875","1280395.125","302","",""
"BUA","KN","Kano","20011","NIE KNS SML","Sumaila","KN3611","NIE KNS SML SUM","Sumaila","BUA_KN3611_1058","Zango","484","997241.75","1292384.625","","",""
"HA","KN","Kano","20034","NIE KNS KKU","Kiru","KN2408","NIE KNS KKU KIR","Kiru","HA_KN2408_24356","Gazan Tsakkiya","18.5","912608.3125","1311824.0","184","",""
"BUA","KN","Kano","20034","NIE KNS KKU","Kiru","KN2404","NIE KNS KKU DAN","Dangora","BUA_KN2404_700","Dangora","102","907575.4375","1292999.5","","",""
"HA","KN","Kano","20034","NIE KNS KKU","Kiru","KN2411","NIE KNS KKU BAR","Bargoni","HA_KN2411_4504","Unguwar Fulani B","3.5","901465.25","1315018.625","298","",""
"HA","KN","Kano","20034","NIE KNS KKU","Kiru","KN2401","NIE KNS KKU BAA","Baawa","HA_KN2401_12628","Kusugu","10.5","886092.0","1303117.125","188","",""
"BUA","KN","Kano","20034","NIE KNS KKU","Kiru","KN2414","NIE KNS KKU YAL","Yalwa","BUA_KN2414_1643","Sabuwar Abuja","482","913349.0625","1283572.75","","",""
"BUA","KN","Kano","20034","NIE KNS KKU","Kiru","KN2413","NIE KNS KKU YAK","Yako","BUA_KN2413_1451","Yako Kofar Fada","160","911591.875","1306171.0","","",""
"BUA","KN","Kano","20003","NIE KNS GNM","Garun Malam","KN1506","NIE KNS GNM GAM","Garun Malam","BUA_KN1506_1352","Zaure Bakwai","226","931774.3125","1309913.375","","",""
"HA","KN","Kano","20003","NIE KNS GNM","Garun Malam","KN1505","NIE KNS GNM GAB","Garun Babba","HA_KN1505_56145","HA_4","2","936263.6875","1298753.25","73","",""
"BUA","KN","Kano","20003","NIE KNS GNM","Garun Malam","KN1502","NIE KNS GNM DAK","Dakasoye","BUA_KN1502_1570","Unguwar Kudu","27","939204.625","1311041.25","","",""
"BUA","KN","Kano","20003","NIE KNS GNM","Garun Malam","KN1510","NIE KNS GNM YAK","Yada Kwari","BUA_KN1510_1169","Rimi","132","935991.5","1311707.75","","",""
"BUA","KN","Kano","20003","NIE KNS GNM","Garun Malam","KN1501","NIE KNS GNM CHI","Chiromawa","BUA_KN1501_1144","Armatawa","324","935138.0625","1304530.625","","",""
"HA","KN","Kano","20003","NIE KNS GNM","Garun Malam","KN1508","NIE KNS GNM KAD","Kadawa","HA_KN1508_5745","Layin Tsamiya","2.5","936922.3125","1305439.5","337","",""
"BUA","KN","Kano","20018","NIE KNS UGG","Ungogo","KN4204","NIE KNS GNM KAD","Kadawa","BUA_KN4204_1575","Kadawa Makabarta","217","940911.625","1354548.125","","",""
"BUA","KN","Kano","20018","NIE KNS UGG","Ungogo","KN4207","NIE KNS UGG RIJ","Rijiyar Zaki","BUA_KN4207_1490","Rijiyar Zaki","1078","940309.1875","1343306.375","","",""
"BUA","KN","Kano","20018","NIE KNS UGG","Ungogo","KN4208","NIE KNS UGG TUF","Tudun Fulani","BUA_KN4208_1665","Unguwar Gabas","798","942665.125","1349743.25","","",""
"BUA","KN","Kano","20018","NIE KNS UGG","Ungogo","KN4211","NIE JIS GML ZAN","Zango","BUA_KN4211_1392","Zango","1466","954463.3125","1351385.875","","",""
"BUA","KN","Kano","20018","NIE KNS UGG","Ungogo","KN4201","NIE KNS UGG BAC","Bachirawa","BUA_KN4201_1467","Zango Cikin Gari","34","939502.25","1353644.75","","",""
"BUA","KN","Kano","20018","NIE KNS UGG","Ungogo","KN4203","NIE KNS UGG GAY","Gayawa","BUA_KN4203_1583","Gandu Agantasa","780","952655.9375","1351488.625","","",""
"BUA","KN","Kano","20035","NIE KNS KUR","Kura","KN2707","NIE KNS KUR KUS","Sarkin Kura","BUA_KN2707_660","Rimin Daddo","233","939100.5625","1319676.5","","",""
"BUA","KN","Kano","20035","NIE KNS KUR","Kura","KN2705","NIE KNS KUR KAR","Karfi","BUA_KN2705_930","Yakasai","51","945476.625","1324805.25","","",""
"BUA","KN","Kano","20035","NIE KNS KUR","Kura","KN2703","NIE KNS KUR DUK","Dukawa","BUA_KN2703_4472","Sabuwar Gamadan","48","949944.875","1322548.5","","",""
"BUA","KN","Kano","20035","NIE KNS KUR","Kura","KN2702","NIE KNS KUR DAH","Dan Hassan","BUA_KN2702_1185","Turaki","130","948890.5625","1321522.75","","",""
"BUA","KN","Kano","20035","NIE KNS KUR","Kura","KN2708","NIE KNS KUR KRS","Kurun Sumau","BUA_KN2708_1556","Gwanjawa","177","937895.6875","1319779.0","","",""
"BUA","KN","Kano","20035","NIE KNS KUR","Kura","KN2701","NIE KNS KUR DAL","Dalili","BUA_KN2701_1245","Gobirawa","110","937092.375","1320189.25","","",""
"HA","KN","Kano","20015","NIE KNS TFA","Tofa","KN3909","NIE KNS TFA LAN","Langel","HA_KN3909_26285","Hayin Gwaran","22","932501.125","1343990.0","149","",""
"BUA","KN","Kano","20015","NIE KNS TFA","Tofa","KN3902","NIE KNS TFA DOK","Doka","BUA_KN3902_1020","Kofa Gabas","115","924085.5625","1344887.625","","",""
"BUA","KN","Kano","20015","NIE KNS TFA","Tofa","KN3905","NIE KNS TFA JAN","Janguza","BUA_KN3905_4513","Janguza Army Barrack","161","934377.625","1340268.75","","",""
"BUA","KN","Kano","20015","NIE KNS TFA","Tofa","KN3908","NIE KNS TFA LAM","Lambu","BUA_KN3908_4515","Rahamawa","203","929959.5625","1346992.125","","",""
"BUA","KN","Kano","20015","NIE KNS TFA","Tofa","KN3910","NIE JIS RNG TOF","Tofa","BUA_KN3910_1255","Yar Kasuwa","272","921123.5","1352587.5","","",""
"BUA","KN","Kano","20015","NIE KNS TFA","Tofa","KN3910","NIE JIS RNG TOF","Tofa","BUA_KN3910_1255","Yar Kasuwa","272","920772.0625","1352022.75","","",""
"BUA","KN","Kano","20017","NIE KNS GRZ","Gwarzo","KN1903","NIE JIS GRK GWA","Gwarzo","BUA_KN1903_6646","Kwakwaci","402","883268.875","1336471.5","","",""
"BUA","KN","Kano","20017","NIE KNS GRZ","Gwarzo","KN1908","NIE KNS GRZ MAI","Mainika","BUA_KN1908_7336","GSS","26","882114.125","1335804.5","","",""
"BUA","KN","Kano","20017","NIE KNS GRZ","Gwarzo","KN1902","NIE KNS GRZ GET","Getso","BUA_KN1902_1172","Waila","381","887034.25","1331238.125","","",""
"BUA","KN","Kano","20017","NIE KNS GRZ","Gwarzo","KN1901","NIE KNS GRZ JAM","Jama'A","BUA_KN1901_4689","Katsalle","48","875637.6875","1324005.375","","",""
"BUA","KN","Kano","20017","NIE KNS GRZ","Gwarzo","KN1905","NIE KNS GRZ KUT","Kutama","BUA_KN1905_1244","Zango","253","883921.5","1336009.625","","",""
"HA","KN","Kano","20017","NIE KNS GRZ","Gwarzo","KN1910","NIE KNS GRZ UNT","Unguwar Tudu","HA_KN1910_12583","Kwami A","18.5","891068.0","1342203.375","196","",""
"HA","KN","Kano","20031","NIE KNS BCH","Bichi","KN0503","NIE KNS BCH DAN","Danzabuwa","HA_KN0503_121161","Unguwar Kursau Lamba","2","906786.3125","1384267.75","316","",""
"HA","KN","Kano","20031","NIE KNS BCH","Bichi","KN0502","NIE KNS BCH BIC","Bichi","HA_KN0502_92740","Kafi","3","905762.1875","1373421.5","134","",""
"BUA","KN","Kano","20031","NIE KNS BCH","Bichi","KN0502","NIE KNS BCH BIC","Bichi","BUA_KN0502_1574","Zango Bichi","886","916203.375","1371896.75","","",""
"BUA","KN","Kano","20031","NIE KNS BCH","Bichi","KN0501","NIE KNS BCH BAD","Badume","BUA_KN0501_1456","Yakasai","111","923031.3125","1368917.375","","",""
"BUA","KN","Kano","20031","NIE KNS BCH","Bichi","KN0507","NIE KNS BCH KYA","Kyalli","BUA_KN0507_1395","Bulawa","130","907363.625","1384403.375","","",""
"BUA","KN","Kano","20031","NIE KNS BCH","Bichi","KN0505","NIE KNS BCH KAK","Kau-Kau","BUA_KN0505_1773","Rimaye","93","912886.1875","1376181.625","","",""
"BUA","KN","Kano","20016","NIE KNS GSW","Gabasawa","KN1310","NIE KNS GSW ZAK","Zakirai","BUA_KN1310_1334","Zakiri Maigari","372","989348.5625","1357691.125","","",""
"BUA","KN","Kano","20016","NIE KNS GSW","Gabasawa","KN1302","NIE KNS GSW GAD","Garun Danga","BUA_KN1302_1156","Dagar","72","985181.5","1365137.375","","",""
"HA","KN","Kano","20016","NIE KNS GSW","Gabasawa","KN1303","NIE KNS GSW JOD","Joda","HA_KN1303_81562","Dorawar Isau","22.5","989240.625","1348758.625","97","",""
"BUA","KN","Kano","20016","NIE KNS GSW","Gabasawa","KN1311","NIE KNS GSW ZUG","Zugachi","BUA_KN1311_1634","Zugachi","80","985181.5","1352710.875","","",""
"BUA","KN","Kano","20016","NIE KNS GSW","Gabasawa","KN1308","NIE KNS GSW YAK","Yautar Kudu","BUA_KN1308_4862","Yarzabaina","51","979658.9375","1363237.125","","",""
"BUA","KN","Kano","20016","NIE KNS GSW","Gabasawa","KN1301","NIE KNS GSW GAB","Gabasawa","BUA_KN1301_1065","Tahade","204","992009.4375","1366215.875","","",""
"SSA","KN","Kano","20004","NIE KNS AJG","Ajingi","KN0110","NIE KNS AJG UNB","Unguwar Bai","SSA_KN0110_19875","Alagama","3","1004100.625","1352412.0","333","",""
"HA","KN","Kano","20004","NIE KNS AJG","Ajingi","KN0103","NIE KNS AJG CHU","Chula","HA_KN0103_80326","Sabaru","51.5","1000372.625","1344877.625","321","",""
"BUA","KN","Kano","20004","NIE KNS AJG","Ajingi","KN0101","NIE KNS AJG AJI","Ajingi","BUA_KN0101_1401","Zango","312","1006066.8125","1341931.75","","",""
"BUA","KN","Kano","20004","NIE KNS AJG","Ajingi","KN0108","NIE KNS AJG KUN","Kunkurawa","BUA_KN0108_1208","Yankunu","37","1010635.5","1339930.375","","",""
"BUA","KN","Kano","20004","NIE KNS AJG","Ajingi","KN0102","NIE KNS AJG BAL","Balare","BUA_KN0102_1501","Tsebarawa Gabas","54","995825.0","1348398.75","","",""
"BUA","KN","Kano","20004","NIE KNS AJG","Ajingi","KN0105","NIE KNS AJG DUN","Dundun","BUA_KN0105_1502","Maigana","28","1002050.4375","1339058.0","","",""
"BUA","KN","Kano","20009","NIE KNS ABS","Albasu","KN0206","NIE KNS ABS FAR","Faragai","BUA_KN0206_1162","Unguwar Tsamiya","176","1000390.0","1307638.125","","",""
"HA","KN","Kano","20009","NIE KNS ABS","Albasu","KN0207","NIE KNS ABS GAG","Gagarame","HA_KN0207_82617","HA_4","2.5","1021617.9375","1300946.5","17","",""
"BUA","KN","Kano","20009","NIE KNS ABS","Albasu","KN0210","NIE KNS ABS TSA","Tsangaya","BUA_KN0210_1268","Unguwar Fawa","298","1026245.625","1301743.375","","",""
"BUA","KN","Kano","20009","NIE KNS ABS","Albasu","KN0209","NIE KNS ABS SAS","Saya-Saya","BUA_KN0209_1507","Saya Saya","124","997929.9375","1312970.0","","",""
"BUA","KN","Kano","20009","NIE KNS ABS","Albasu","KN0202","NIE KNS ABS BAT","Bataiya","BUA_KN0202_1286","Bataiya","65","1005761.9375","1309688.75","","",""
"HA","KN","Kano","20009","NIE KNS ABS","Albasu","KN0205","NIE KNS ABS FAN","Fanda","HA_KN0205_81406","Mai Dutse A","1.5","1010491.5625","1304674.25","5","",""
"BUA","KN","Kano","20038","NIE KNS BGW","Bagwai","KN0301","NIE KNS BGW BAG","Bagwai","BUA_KN0301_1460","Gargari","77","909820.0","1367777.625","","",""
"BUA","KN","Kano","20038","NIE KNS BGW","Bagwai","KN0304","NIE KNS BGW GOG","Gogori","BUA_KN0304_1478","Zango Waje","108","898272.8125","1362898.375","","",""
"BUA","KN","Kano","20038","NIE KNS BGW","Bagwai","KN0303","NIE KNS BGW GAD","Gadanya","BUA_KN0303_5032","Kofar Yamma","83","894607.875","1356325.625","","",""
"HA","KN","Kano","20038","NIE KNS BGW","Bagwai","KN0307","NIE KNS BGW RID","Rimin Dako","HA_KN0307_124250","Munkebe","55","917562.0625","1357057.0","39","",""
"SSA","KN","Kano","20038","NIE KNS BGW","Bagwai","KN0310","NIE KNS BGW WUB","Wuro Bagga","SSA_KN0310_5695","Bake","3","899592.8125","1358856.875","327","",""
"HA","KN","Kano","20038","NIE KNS BGW","Bagwai","KN0306","NIE KNS BGW KWA","Kwajale","HA_KN0306_124720","Wuro Mangu","25.5","911506.25","1352423.75","40","",""
"HA","KN","Kano","20023","NIE KNS DBT","Dambatta","KN0805","NIE KNS DBT GOM","Goron Maje","HA_KN0805_80358","Barmawa","52.5","960520.25","1402277.5","2","",""
"BUA","KN","Kano","20023","NIE KNS DBT","Dambatta","KN0801","NIE KNS DBT AJU","Ajumawa","BUA_KN0801_1263","Danya Gari","43","944913.375","1398663.25","","",""
"BUA","KN","Kano","20023","NIE KNS DBT","Dambatta","KN0807","NIE KNS DBT GWA","Gwarabjawa","BUA_KN0807_4294","Shiddar","33","953849.875","1388433.0","","",""
"BUA","KN","Kano","20023","NIE KNS DBT","Dambatta","KN0803","NIE KNS DBT DAW","Dambatta West","BUA_KN0803_1668","Dambatta West","565","947323.1875","1394241.75","","",""
"BUA","KN","Kano","20023","NIE KNS DBT","Dambatta","KN0802","NIE KNS DBT DAE","Dambatta East","BUA_KN0802_1180","Dambatta East","566","948825.6875","1394519.625","","",""
"HA","KN","Kano","20023","NIE KNS DBT","Dambatta","KN0808","NIE JIS GRK KOR","Kore","HA_KN0808_27535","Gangara Isuhu Madugu","2.5","966687.3125","1390387.5","265","",""
"BUA","KN","Kano","20001","NIE KNS TRN","Tarauni","KN3802","NIE KNS TRN DAR","Darmanawa","BUA_KN3802_1351","Karkasara","419","952038.8125","1340433.75","","",""
"BUA","KN","Kano","20001","NIE KNS TRN","Tarauni","KN3803","NIE KNS TRN DAU","Daurawa","BUA_KN3803_1577","Daurawa","84","952641.3125","1342589.125","","",""
"BUA","KN","Kano","20001","NIE KNS TRN","Tarauni","KN3806","NIE KNS TRN HOT","Hotoro","BUA_KN3806_1728","Walawai","398","955352.375","1341665.375","","",""
"BUA","KN","Kano","20001","NIE KNS TRN","Tarauni","KN3801","NIE KNS TRN BAG","Babban Giji","BUA_KN3801_1379","Hausawa","398","949829.8125","1342127.25","","",""
"BUA","KN","Kano","20001","NIE KNS TRN","Tarauni","KN3809","NIE KNS TRN UUK","Unguwa Uku Kauyen Alu","BUA_KN3809_1420","Kafin Alu","596","954498.875","1341306.125","","",""
"BUA","KN","Kano","20001","NIE KNS TRN","Tarauni","KN3810","NIE KNS TRN UNG","Unguwar Gano","BUA_KN3810_1552","Yar Akwa","175","952791.875","1338842.875","","",""
"HA","KN","Kano","20025","NIE KNS BBJ","Bebeji","KN0407","NIE KNS BBJ GWA","Gwarmai","HA_KN0407_85635","Rugan Maazu","4","922816.6875","1287308.875","329","",""
"HA","KN","Kano","20025","NIE KNS BBJ","Bebeji","KN0403","NIE KNS BBJ BEB","Bebeji","HA_KN0403_71741","Dan Adama B","3.5","921836.6875","1314757.125","218","",""
"BUA","KN","Kano","20025","NIE KNS BBJ","Bebeji","KN0414","NIE KNS BBJ WAK","Wak","BUA_KN0414_1161","Wak","116","930701.6875","1299150.25","","",""
"BUA","KN","Kano","20025","NIE KNS BBJ","Bebeji","KN0409","NIE KNS BBJ KUK","Kuki","BUA_KN0409_4782","Kuki","58","931203.6875","1280603.125","","",""
"BUA","KN","Kano","20025","NIE KNS BBJ","Bebeji","KN0412","NIE KNS BBJ RAT","Rantan","BUA_KN0412_1360","Rantan Cikin Gari","110","932609.4375","1290951.25","","",""
"BUA","KN","Kano","20025","NIE KNS BBJ","Bebeji","KN0410","NIE KNS BBJ RAH","Rahama","BUA_KN0410_1275","Arewawa","51","920710.875","1278656.75","","",""
"SSA","KN","Kano","20028","NIE KNS BNK","Bunkure","KN0607","NIE KNS BNK GWA","Gwamma","SSA_KN0607_18911","Sani Kyaure","3","957739.6875","1312205.625","301","",""
"HA","KN","Kano","20028","NIE KNS BNK","Bunkure","KN0608","NIE KNS BNK KUL","Kulluwa","HA_KN0608_4343","Jumura","3","960036.5","1305072.75","188","",""
"HA","KN","Kano","20028","NIE KNS BNK","Bunkure","KN0604","NIE KNS BNK CHI","Chirin","HA_KN0604_5258","Refawa","1.5","943276.8125","1301014.75","92","",""
"BUA","KN","Kano","20028","NIE KNS BNK","Bunkure","KN0609","NIE KNS BNK KUM","Kumurya","BUA_KN0609_1504","Zango","285","968803.625","1311319.625","","",""
"BUA","KN","Kano","20028","NIE KNS BNK","Bunkure","KN0605","NIE KNS BNK GAF","Gafan","BUA_KN0605_1508","Gafan B","42","942546.375","1312755.25","","",""
"BUA","KN","Kano","20028","NIE KNS BNK","Bunkure","KN0603","NIE KNS BNK BUN","Bunkure","BUA_KN0603_1485","Zangon Baure","295","950830.25","1311063.25","","",""
"BUA","KN","Kano","20024","NIE KNS DAL","Dala","KN0702","NIE KNS DAL BAR","Bakin Ruwa","BUA_KN0702_5000","Bakin Ruwa 1","115","946562.8125","1345638.125","","",""
"BUA","KN","Kano","20024","NIE KNS DAL","Dala","KN0710","NIE KNS DAL KOR","Kofar Ruwa","BUA_KN0710_1488","Kofar Ruwa","888","945106.875","1347742.5","","",""
"BUA","KN","Kano","20024","NIE KNS DAL","Dala","KN0712","NIE KNS KKU YAL","Yalwa","BUA_KN0712_1650","Yalwa","229","946663.1875","1346151.375","","",""
"BUA","KN","Kano","20024","NIE KNS DAL","Dala","KN0701","NIE KNS DAL ADA","Adakawa","BUA_KN0701_4886","Adakawa","81","947617.125","1346870.0","","",""
"BUA","KN","Kano","20024","NIE KNS DAL","Dala","KN0705","NIE KNS DAL GOB","Gobirawa","BUA_KN0705_5044","Gobirawa","1332","944504.375","1349025.875","","",""
"BUA","KN","Kano","20024","NIE KNS DAL","Dala","KN0705","NIE KNS DAL GOB","Gobirawa","BUA_KN0705_5044","Gobirawa","1332","943550.5","1347999.25","","",""
"BUA","KN","Kano","20043","NIE KNS KMC","Kano Municipal","KN2111","NIE KNS KMC YAK","Yakasai","BUA_KN2111_1871","Yakasai","172","949273.875","1345484.125","","",""
"BUA","KN","Kano","20043","NIE KNS KMC","Kano Municipal","KN2107","NIE KNS KMC SHA","Sharada","BUA_KN2107_1817","Sharada","542","947064.875","1342610.0","","",""
"BUA","KN","Kano","20043","NIE KNS KMC","Kano Municipal","KN2106","NIE KNS KMC SHH","Shahuchi","BUA_KN2106_1475","Shahuchi","170","948018.75","1345586.75","","",""
"BUA","KN","Kano","20043","NIE KNS KMC","Kano Municipal","KN2110","NIE KNS KMC TUW","Tudun Wazurchi","BUA_KN2110_4562","Tudun Wazurchi","130","947964.875","1344119.125","","",""
"BUA","KN","Kano","20043","NIE KNS KMC","Kano Municipal","KN2103","NIE KNS KMC GAA","Gandu Albasa","BUA_KN2103_1662","Gandu","521","948266.125","1341501.75","","",""
"BUA","KN","Kano","20043","NIE KNS KMC","Kano Municipal","KN2102","NIE KNS GWL DAA","Dan Agundi","BUA_KN2102_1816","Dan Agundi","120","948667.75","1344016.5","","",""
"HA","KN","Kano","20041","NIE KNS KRY","Karaye","KN2206","NIE KNS KRY TUK","Tudun Kaya","HA_KN2206_82352","Katoge","1","877186.4375","1314632.125","175","",""
"BUA","KN","Kano","20041","NIE KNS KRY","Karaye","KN2205","NIE KNS KRY MAG","Magajin Gari","BUA_KN2205_5106","Unguwar Fari","429","892237.25","1321134.5","","",""
"BUA","KN","Kano","20041","NIE KNS KRY","Karaye","KN2201","NIE KNS KRY DAU","Daura","BUA_KN2201_4733","Unguwar Tofa","36","886664.4375","1321288.375","","",""
"BUA","KN","Kano","20041","NIE KNS KRY","Karaye","KN2207","NIE KNS KRY TUR","Turawa","BUA_KN2207_4445","Alhazawa","55","895349.9375","1310981.5","","",""
"BUA","KN","Kano","20041","NIE KNS KRY","Karaye","KN2204","NIE KNS KRY KWA","Kwanyawa","BUA_KN2204_1292","Tofa","97","875619.3125","1320057.5","","",""
"HA","KN","Kano","20041","NIE KNS KRY","Karaye","KN2209","NIE KNS KRY YAM","Yammedi","HA_KN2209_42818","HA_3","1.5","901242.625","1324741.0","177","",""
"SSA","KN","Kano","20022","NIE KNS DKD","Dawakin Kudu","KN0913","NIE KNS DKD YAN","Yankatsari","SSA_KN0913_13342","Unguwar Juma","3","959953.375","1335088.5","136","",""
"BUA","KN","Kano","20022","NIE KNS DKD","Dawakin Kudu","KN0904","NIE KNS DKD DAA","Dawakiji","BUA_KN0904_1270","Dawakiji","300","968950.625","1330675.125","","",""
"BUA","KN","Kano","20022","NIE KNS DKD","Dawakin Kudu","KN0902","NIE KNS DKD DAN","Danbagina","BUA_KN0902_2003","Sabon Gari","31","977686.3125","1321698.625","","",""
"BUA","KN","Kano","20022","NIE KNS DKD","Dawakin Kudu","KN0908","NIE KNS DKD JID","Jido","BUA_KN0908_1308","Jido","129","962323.5625","1335703.125","","",""
"BUA","KN","Kano","20022","NIE KNS DKD","Dawakin Kudu","KN0903","NIE KNS DKD DAW","Dawaki","BUA_KN0903_1335","Kan Tudu","860","956901.375","1327699.75","","",""
"BUA","KN","Kano","20022","NIE KNS DKD","Dawakin Kudu","KN0903","NIE KNS DKD DAW","Dawaki","BUA_KN0903_1037","Nassarawa","51","954190.3125","1327084.25","","",""
"BUA","KN","Kano","20021","NIE KNS DTF","Dawakin Tofa","KN1004","NIE KNS DTF DAA","Dawanau","BUA_KN1004_1237","Saji","118","935660.9375","1359181.5","","",""
"BUA","KN","Kano","20021","NIE KNS DTF","Dawakin Tofa","KN1011","NIE KNS DTF TUM","Tumfafi","BUA_KN1011_2077","Yan Salmo Village","33","946254.25","1361389.625","","",""
"BUA","KN","Kano","20021","NIE KNS DTF","Dawakin Tofa","KN1011","NIE KNS DTF TUM","Tumfafi","BUA_KN1011_1365","Tumfafi Kanawa","279","940179.4375","1357025.0","","",""
"BUA","KN","Kano","20021","NIE KNS DTF","Dawakin Tofa","KN1001","NIE KNS DTF DAN","Danguguwa","BUA_KN1001_1073","Kofar Arewa","105","934154.8125","1352147.5","","",""
"HA","KN","Kano","20021","NIE KNS DTF","Dawakin Tofa","KN1003","NIE KNS DTF DAW","Dawaki West","HA_KN1003_23955","Unguwar Alhaji Yakubu","2.5","925855.3125","1357945.0","307","",""
"BUA","KN","Kano","20021","NIE KNS DTF","Dawakin Tofa","KN1002","NIE KNS DTF DAE","Dawaki East","BUA_KN1002_1206","Hayin Hago","42","929837.1875","1356562.875","","",""
"BUA","KN","Kano","20020","NIE KNS DGW","Doguwa","KN1102","NIE KNS DGW DOK","Dogon Kawo","BUA_KN1102_1346","Burji","134","951475.5625","1251226.875","","",""
"BUA","KN","Kano","20020","NIE KNS DGW","Doguwa","KN1106","NIE KNS DGW RIR","Riruwai","BUA_KN1106_5173","Turmusawa","110","972913.125","1202646.75","","",""
"BUA","KN","Kano","20020","NIE KNS DGW","Doguwa","KN1101","NIE KNS DGW DAK","Dadin Kowa","BUA_KN1101_1222","Tasha","249","960361.875","1197639.25","","",""
"HA","KN","Kano","20020","NIE KNS DGW","Doguwa","KN1107","NIE KNS DGW SHE","Shere","HA_KN1107_14546","Lamaro","3","978804.9375","1189267.0","53","",""
"BUA","KN","Kano","20020","NIE KNS DGW","Doguwa","KN1104","NIE KNS DGW FAL","Falgore","BUA_KN1104_1159","Tudun Ningi","449","954638.5","1246723.875","","",""
"BUA","KN","Kano","20020","NIE KNS DGW","Doguwa","KN1108","NIE KNS DGW TAG","Tagwaye","BUA_KN1108_5027","Sabuwar Kaura","92","954939.6875","1210619.25","","",""
"BUA","KN","Kano","20030","NIE KNS FGE","Fagge","KN1209","NIE KNS FGE SGW","Sabon Gari West","BUA_KN1209_1519","Sabon Gari West","487","949869.0","1347989.5","","",""
"BUA","KN","Kano","20030","NIE KNS FGE","Fagge","KN1208","NIE KNS FGE SGE","Sabon Gari East","BUA_KN1208_1422","Sabon Gari","339","950417.5625","1348164.25","","",""
"BUA","KN","Kano","20030","NIE KNS FGE","Fagge","KN1207","NIE KNS FGE RIL","Rijiyar Lemo","BUA_KN1207_1454","Rijiyar Lemo","282","943941.125","1352065.625","","",""
"BUA","KN","Kano","20030","NIE KNS FGE","Fagge","KN1206","NIE KNS FGE KWA","Kwachiri","BUA_KN1206_1430","Dan Rimi","936","945246.4375","1350936.25","","",""
"BUA","KN","Kano","20030","NIE KNS FGE","Fagge","KN1206","NIE KNS FGE KWA","Kwachiri","BUA_KN1206_1291","Kwachiri","121","946049.75","1353297.75","","",""
"BUA","KN","Kano","20030","NIE KNS FGE","Fagge","KN1210","NIE KNS FGE YAM","Yammata","BUA_KN1210_1294","Yammata","572","943388.875","1353195.0","","",""
"HA","KN","Kano","20006","NIE KNS GAK","Garko","KN1401","NIE KNS GAK DAL","Dal","HA_KN1401_13141","Fammade","6.5","979800.75","1289936.375","20","",""
"BUA","KN","Kano","20006","NIE KNS GAK","Garko","KN1407","NIE KNS GAK KWA","Kwas","BUA_KN1407_1489","Buda Hurumi","50","977779.375","1300565.875","","",""
"HA","KN","Kano","20006","NIE KNS GAK","Garko","KN1406","NIE KNS GAK KAT","Katumari","HA_KN1406_89253","Unguwar Busau","9.5","1001291.25","1295904.375","236","",""
"BUA","KN","Kano","20006","NIE KNS GAK","Garko","KN1408","NIE KNS GAK RAB","Raba","BUA_KN1408_1391","Garwaji","83","981042.6875","1297132.125","","",""
"BUA","KN","Kano","20006","NIE KNS GAK","Garko","KN1403","NIE JIS KYW GAR","Garko","BUA_KN1403_1525","Zango","568","980339.8125","1306357.875","","",""
"HA","KN","Kano","20006","NIE KNS GAK","Garko","KN1405","NIE KNS GAK KAM","Kafin Malamai","HA_KN1405_29181","Kan Dutse","1","987995.0625","1309513.0","225","",""
"SSA","KN","Kano","20007","NIE KNS GYA","Gaya","KN1610","NIE KNS GYA WUD","Wudilawa","SSA_KN1610_18431","Dan Audu","3","993003.3125","1325158.625","285","",""
"BUA","KN","Kano","20007","NIE KNS GYA","Gaya","KN1605","NIE KNS GYA GAS","Gaya South","BUA_KN1605_1216","Unguwar Mahaukci","537","1001827.625","1329639.375","","",""
"BUA","KN","Kano","20007","NIE KNS GYA","Gaya","KN1606","NIE KNS GYA KAD","Kademi","BUA_KN1606_1067","Tabuli","249","994547.875","1319688.75","","",""
"BUA","KN","Kano","20007","NIE KNS GYA","Gaya","KN1609","NIE KNS GYA SHA","Shagogo","BUA_KN1609_950","Yan Audu","54","992589.875","1327125.75","","",""
"BUA","KN","Kano","20007","NIE KNS GYA","Gaya","KN1604","NIE KNS GYA GAN","Gaya North","BUA_KN1604_1008","Zango Layin Gidan Mai Unguwar","569","1002480.25","1330049.75","","",""
"BUA","KN","Kano","20007","NIE KNS GYA","Gaya","KN1601","NIE KNS GYA BAL","Balan","BUA_KN1601_1080","Niima Yamma","205","1004284.0","1322889.25","","",""
"BUA","KN","Kano","20010","NIE KNS GZW","Gezawa","KN1707","NIE KNS GZW SAG","Sararin Gezawa","BUA_KN1707_1305","Bare","34","977123.0625","1355372.125","","",""
"BUA","KN","Kano","20010","NIE KNS GZW","Gezawa","KN1708","NIE KNS GZW TSB","Tsamiya Babba","BUA_KN1708_4314","Tsamiya Babba","93","958798.1875","1343873.5","","",""
"BUA","KN","Kano","20010","NIE KNS GZW","Gezawa","KN1711","NIE JIS GML ZAN","Zango","BUA_KN1711_1001","Charo","70","966730.5625","1353010.5","","",""
"BUA","KN","Kano","20010","NIE KNS GZW","Gezawa","KN1706","NIE KNS GZW MET","Mesar Tudu","BUA_KN1706_4672","Mesar Tudu","39","971148.625","1359890.75","","",""
"BUA","KN","Kano","20010","NIE KNS GZW","Gezawa","KN1702","NIE KNS GZW GAW","Gawo","BUA_KN1702_1279","Tofa","28","974110.75","1347209.75","","",""
"BUA","KN","Kano","20010","NIE KNS GZW","Gezawa","KN1704","NIE KNS GZW JOG","Jogana","BUA_KN1704_1258","Wangarawa","179","965626.0625","1348339.0","","",""
"BUA","KN","Kano","20012","NIE KNS GWL","Gwale","KN1804","NIE KNS GWL GAA","Galadanchi","BUA_KN1804_4481","Galadanchi","109","947200.8125","1344694.75","","",""
"BUA","KN","Kano","20012","NIE KNS GWL","Gwale","KN1803","NIE KNS GWL DOR","Dorayi","BUA_KN1803_1402","Gwale Rinji","68","946347.3125","1341872.0","","",""
"BUA","KN","Kano","20012","NIE KNS GWL","Gwale","KN1803","NIE KNS GWL DOR","Dorayi","BUA_KN1803_4146","Buk Old Site","249","944238.6875","1343155.0","","",""
"BUA","KN","Kano","20012","NIE KNS GWL","Gwale","KN1803","NIE KNS GWL DOR","Dorayi","BUA_KN1803_1320","Gwale Unguwar Lalle","1534","945343.1875","1340640.25","","",""
"BUA","KN","Kano","20012","NIE KNS GWL","Gwale","KN1803","NIE KNS GWL DOR","Dorayi","BUA_KN1803_4434","Yarfadama","208","941527.625","1341564.0","","",""
"BUA","KN","Kano","20012","NIE KNS GWL","Gwale","KN1808","NIE KNS GWL KAU","Kabuga","BUA_KN1808_1743","Kabuga","491","945389.75","1347025.25","","",""
"SSA","KN","Kano","20026","NIE KNS KBK","Kabo","KN2001","NIE KNS KBK DUG","Dugabau","SSA_KN2001_19571","Galadima","3","916637.5","1325840.875","149","",""
"BUA","KN","Kano","20026","NIE KNS KBK","Kabo","KN2005","NIE KNS KBK GOI","Godiya","BUA_KN2005_1751","Yansarki","71","905426.5","1336555.875","","",""
"BUA","KN","Kano","20026","NIE KNS KBK","Kabo","KN2002","NIE KNS KBK DUR","Durun","BUA_KN2002_1117","Zango","40","916070.0","1334965.25","","",""
"BUA","KN","Kano","20026","NIE KNS KBK","Kabo","KN2004","NIE KNS KBK GAR","Garo","BUA_KN2004_746","Sabuwar Anguwa","407","901811.75","1341020.375","","",""
"HA","KN","Kano","20026","NIE KNS KBK","Kabo","KN2008","NIE KNS KBK KAB","Kabo","HA_KN2008_4669","Gyarauji","5.5","911951.5625","1330666.875","300","",""
"BUA","KN","Kano","20026","NIE KNS KBK","Kabo","KN2006","NIE KNS KBK GUD","Gude","BUA_KN2006_1821","Mabuga","75","897544.3125","1340353.125","","",""
"HA","KN","Kano","20033","NIE KNS KBY","Kibiya","KN2304","NIE KNS KBY KAD","Kadigawa","HA_KN2304_26053","Sabon Garon Kuluki","18","973617.0","1295582.0","179","",""
"HA","KN","Kano","20033","NIE KNS KBY","Kibiya","KN2306","NIE KNS KBY NAR","Nariya","HA_KN2306_88001","Tamiyawa","8","963381.125","1299514.625","21","",""
"BUA","KN","Kano","20033","NIE KNS KBY","Kibiya","KN2307","NIE KNS KBY KIB","Kibiya 2","BUA_KN2307_5309","Gunds Tasha","24","969940.0625","1289385.0","","",""
"BUA","KN","Kano","20033","NIE KNS KBY","Kibiya","KN2308","NIE KNS KBY KII","Kibiya 1","BUA_KN2308_4549","Zango","306","963815.0","1292356.75","","",""
"BUA","KN","Kano","20033","NIE KNS KBY","Kibiya","KN2303","NIE KNS KBY FAS","Fassi","BUA_KN2303_4548","Gidan Adam","28","960802.6875","1274632.875","","",""
"SSA","KN","Kano","20033","NIE KNS KBY","Kibiya","KN2301","NIE KNS KBY DUR","Durba","SSA_KN2301_5336","Gidan Tagwai","3","967797.8125","1302079.5","141","",""
"HA","KN","Kano","20042","NIE KNS KNC","Kunchi","KN2603","NIE KNS BBJ GWA","Gwarmai","HA_KN2603_87899","Shedawa","2","935998.0","1387086.5","93","",""
"HA","KN","Kano","20042","NIE KNS KNC","Kunchi","KN2601","NIE KNS KNC BUM","Bumai","HA_KN2601_84248","Sabuwar Santa","65.5","911717.75","1396109.625","6","",""
"HA","KN","Kano","20042","NIE KNS KNC","Kunchi","KN2605","NIE KNS KNC KUN","Kunchi","HA_KN2605_24390","Fankaya","20.5","918241.0625","1407249.25","336","",""
"HA","KN","Kano","20042","NIE KNS KNC","Kunchi","KN2604","NIE KNS KNC KAK","Kasuwar Kuka","HA_KN2604_88248","Turgulle","81.5","924653.0625","1387014.125","215","",""
"HA","KN","Kano","20042","NIE KNS KNC","Kunchi","KN2607","NIE KNS KNC RID","Ridawa","HA_KN2607_24382","Tambarawa","14.5","927358.125","1399689.375","289","",""
"HA","KN","Kano","20042","NIE KNS KNC","Kunchi","KN2609","NIE KNS KNC SHU","Shuwaki","HA_KN2609_24149","Faure","24.5","912886.625","1393647.375","29","",""
"BUA","KN","Kano","20019","NIE KNS WRA","Warawa","KN4312","NIE KNS WRA TAN","Tanagar","BUA_KN4312_881","Haladawa","69","969183.3125","1343299.25","","",""
"BUA","KN","Kano","20019","NIE KNS WRA","Warawa","KN4311","NIE KNS WRA TAM","Tamburawan Gabas","BUA_KN4311_5386","Tambuwar","202","964715.0625","1339655.5","","",""
"BUA","KN","Kano","20019","NIE KNS WRA","Warawa","KN4314","NIE JIS BBR JIG","Jigawa","BUA_KN4314_745","Riji","69","983893.375","1333190.25","","",""
"HA","KN","Kano","20019","NIE KNS WRA","Warawa","KN4305","NIE KNS WRA IMA","Imawa","HA_KN4305_32931","Geza","15.5","980891.6875","1330746.5","213","",""
"HA","KN","Kano","20019","NIE KNS WRA","Warawa","KN4307","NIE KNS WRA GAD","Garin Dau","HA_KN4307_26250","Wanbanto B","8.5","984754.5","1330189.125","138","",""
"BUA","KN","Kano","20019","NIE KNS WRA","Warawa","KN4315","NIE KNS WRA YAN","Yangizo","BUA_KN4315_553","Yangizo","54","980830.875","1342324.125","","",""
"BUA","KN","Kano","20036","NIE KNS MDB","Madobi","KN2810","NIE JIS DUT MAD","Madobi","BUA_KN2810_1220","Sabon Gari","241","922743.5625","1320007.5","","",""
"BUA","KN","Kano","20036","NIE KNS MDB","Madobi","KN2809","NIE KNS MDB KWA","Kwankwaso","BUA_KN2809_1015","Kwankwaso","162","934441.375","1328675.75","","",""
"BUA","KN","Kano","20036","NIE KNS MDB","Madobi","KN2806","NIE JIS JHN KAN","Kanwa","BUA_KN2806_4187","Kwarin Damawa","24","939863.5","1329137.375","","",""
"HA","KN","Kano","20036","NIE KNS MDB","Madobi","KN2808","NIE KNS MDB KUA","Kubaraci","HA_KN2808_14592","Akokawa A","18.5","932483.5625","1320036.125","20","",""
"BUA","KN","Kano","20036","NIE KNS MDB","Madobi","KN2804","NIE BOS SHN GOR","Gora","BUA_KN2804_941","Gora","124","926659.5625","1325392.75","","",""
"BUA","KN","Kano","20036","NIE KNS MDB","Madobi","KN2805","NIE KNS MDB KAF","Kafin Agur","BUA_KN2805_1102","Kafin Agur","86","930876.8125","1329855.625","","",""
"HA","KN","Kano","20039","NIE KNS MKK","Makoda","KN2909","NIE KNS MKK SAT","Satame","HA_KN2909_57008","Hadin Mudi","4.5","949529.5625","1379087.0","128","",""
"HA","KN","Kano","20039","NIE KNS MKK","Makoda","KN2901","NIE KNS MKK BAR","Babbar Ruga","HA_KN2901_14833","Felele","19.5","949989.375","1386763.375","111","",""
"BUA","KN","Kano","20039","NIE KNS MKK","Makoda","KN2906","NIE KNS MKK TAB","Tabo","BUA_KN2906_1250","Unguwar Sunusi","91","937252.875","1397081.75","","",""
"BUA","KN","Kano","20039","NIE KNS MKK","Makoda","KN2907","NIE KNS MKK MAI","Maitsidau","BUA_KN2907_957","Unguwar Chiroma","138","945235.4375","1386029.625","","",""
"HA","KN","Kano","20039","NIE KNS MKK","Makoda","KN2904","NIE KNS MKK KAD","Kadan Dani","HA_KN2904_81665","Dabawa","51.5","942330.625","1408868.625","339","",""
"BUA","KN","Kano","20039","NIE KNS MKK","Makoda","KN2908","NIE KNS MKK MAK","Makoda","BUA_KN2908_1152","Unguwar Zubairu","197","938658.625","1393637.125","","",""
"BUA","KN","Kano","20040","NIE KNS MJB","Minjibir","KN3004","NIE KNS MJB KUN","Kunya","BUA_KN3004_687","Kunya","426","949499.25","1371201.0","","",""
"BUA","KN","Kano","20040","NIE KNS MJB","Minjibir","KN3009","NIE KNS MJB TSA","Tsakiya","BUA_KN3009_1046","Kwamna","35","951758.4375","1361339.625","","",""
"BUA","KN","Kano","20040","NIE KNS MJB","Minjibir","KN3010","NIE KNS DKD TSA","Tsakuwa","BUA_KN3010_4296","Kwandarma","51","964058.6875","1370533.125","","",""
"BUA","KN","Kano","20040","NIE KNS MJB","Minjibir","KN3007","NIE KNS MJB MIN","Minjibir","BUA_KN3007_4668","Galawanga","42","964359.9375","1364523.625","","",""
"HA","KN","Kano","20040","NIE KNS MJB","Minjibir","KN3011","NIE KNS MJB WAS","Wasai","HA_KN3011_29781","Kadani","15","965362.625","1362419.75","323","",""
"SSA","KN","Kano","20040","NIE KNS MJB","Minjibir","KN3006","NIE KNS MJB KWA","Kwarkiya","SSA_KN3006_5260","Gidan Tata","3","956326.4375","1373514.75","17","",""
"BUA","KN","Kano","20008","NIE KNS TYW","Tsanyawa","KN4002","NIE KNS TYW DUN","Dunbulum","BUA_KN4002_1005","Kokai Cikin Gari","66","893520.5625","1370533.125","","",""
"HA","KN","Kano","20008","NIE KNS TYW","Tsanyawa","KN4008","NIE KNS TYW YAN","Yankamaye","HA_KN4008_5647","Williyawa","1.5","885282.375","1384175.375","46","",""
"BUA","KN","Kano","20008","NIE KNS TYW","Tsanyawa","KN4006","NIE KNS TYW TAT","Tatsan","BUA_KN4006_1076","Farsa B","30","901553.375","1389340.0","","",""
"BUA","KN","Kano","20008","NIE KNS TYW","Tsanyawa","KN4007","NIE KNS TYW TSA","Tsanyawa","BUA_KN4007_699","Tsanyawa","321","888700.875","1378958.75","","",""
"HA","KN","Kano","20008","NIE KNS TYW","Tsanyawa","KN4010","NIE KNS TYW ZAR","Zarogi","HA_KN4010_31198","Takalmawa","5.5","889531.8125","1369172.875","11","",""
"HA","KN","Kano","20008","NIE KNS TYW","Tsanyawa","KN4009","NIE KNS TYW YAG","Yanganau","HA_KN4009_14617","HA_3","2","881082.625","1368489.625","38","",""
"BUA","KN","Kano","20029","NIE KNS TWD","Tudun Wada","KN4110","NIE KNS TWD TSG","Tsohon Gari","BUA_KN4110_936","Unguwar Masu Rariya","406","935391.625","1260031.25","","",""
"BUA","KN","Kano","20029","NIE KNS TWD","Tudun Wada","KN4108","NIE JIS TAR SAG","Sabon Gari","BUA_KN4108_836","Tsauni","347","934738.9375","1260287.25","","",""
"SSA","KN","Kano","20029","NIE KNS TWD","Tudun Wada","KN4102","NIE KNS TWD BUB","Burun-Burun","SSA_KN4102_21590","Zegan Tandu","3","978315.5","1279141.125","348","",""
"BUA","KN","Kano","20029","NIE KNS TWD","Tudun Wada","KN4107","NIE KNS TWD NAA","Nata-Ala","BUA_KN4107_1098","Nata'Ala B","189","953917.25","1262693.125","","",""
"SSA","KN","Kano","20029","NIE KNS TWD","Tudun Wada","KN4104","NIE KNS TWD JAN","Jandutse","SSA_KN4104_18252","Gidan Sani Nomadic","3","934365.375","1267496.5","216","",""
"BUA","KN","Kano","20029","NIE KNS TWD","Tudun Wada","KN4111","NIE KNS TWD YAR","Yaryasa","BUA_KN4111_753","Yaryasa","87","924644.0625","1270393.625","","",""
"BUA","KN","Kano","20037","NIE KNS NSR","Nassarawa","KN3106","NIE KNS NSR HON","Hotoro North","BUA_KN3106_1363","Raudakeyi","339","956925.9375","1345599.125","","",""
"BUA","KN","Kano","20037","NIE KNS NSR","Nassarawa","KN3104","NIE KNS NSR GIG","Giginyu","BUA_KN3104_4537","Giginyu","2761","954214.8125","1345855.75","","",""
"BUA","KN","Kano","20037","NIE KNS NSR","Nassarawa","KN3104","NIE KNS NSR GIG","Giginyu","BUA_KN3104_4537","Giginyu","2761","953009.9375","1344264.625","","",""
"BUA","KN","Kano","20037","NIE KNS NSR","Nassarawa","KN3109","NIE KNS NSR KAW","Kawaji","BUA_KN3109_4976","Kawaji","1507","955670.8125","1347857.5","","",""
"BUA","KN","Kano","20037","NIE KNS NSR","Nassarawa","KN3107","NIE KNS NSR HOT","Hotoro South","BUA_KN3107_4553","Hotoro South","738","955218.9375","1341955.125","","",""
"BUA","KN","Kano","20037","NIE KNS NSR","Nassarawa","KN3105","NIE KNS NSR GWG","Gwagwarwa","BUA_KN3105_1447","Gwagwarwa","157","951252.75","1349038.125","","",""
"BUA","KN","Kano","20014","NIE KNS RAN","Rano","KN3204","NIE KNS RAN RAO","Rano","BUA_KN3204_822","Unguwar Findi","490","955821.375","1295186.0","","",""
"BUA","KN","Kano","20014","NIE KNS RAN","Rano","KN3201","NIE KNS DKD DAW","Dawaki","BUA_KN3201_5184","Rano Dawaki","143","954516.0625","1294622.375","","",""
"HA","KN","Kano","20014","NIE KNS RAN","Rano","KN3205","NIE KNS RAN RSG","Rurum Sabon Gari","HA_KN3205_9534","Gidan Surajo","1","946549.625","1282087.375","46","",""
"BUA","KN","Kano","20014","NIE KNS RAN","Rano","KN3206","NIE KNS RAN RTG","Rurum Tsohon Gari","BUA_KN3206_1166","Tsigi","84","943370.5625","1279202.0","","",""
"HA","KN","Kano","20014","NIE KNS RAN","Rano","KN3203","NIE JIS KKM MAD","Madachi","HA_KN3203_30795","Taure","6","957948.75","1299753.25","214","",""
"BUA","KN","Kano","20014","NIE KNS RAN","Rano","KN3208","NIE KNS KKU YAL","Yalwa","BUA_KN3208_1191","Kazaurawa","36","950650.25","1276641.125","","",""
"BUA","KN","Kano","20005","NIE KNS RMG","Rimin Gado","KN3305","NIE KNS RMG GUL","Gulu","BUA_KN3305_1055","Gulu Cikin Gari","188","923385.25","1330225.75","","",""
"BUA","KN","Kano","20005","NIE KNS RMG","Rimin Gado","KN3304","NIE KNS RMG DUG","Dugurawa","BUA_KN3304_923","Dugurawa","29","916256.125","1347108.375","","",""
"HA","KN","Kano","20005","NIE KNS RMG","Rimin Gado","KN3301","NIE KNS RMG BUB","Butu-Butu","HA_KN3301_30541","Rakuwa","31.5","915647.3125","1338573.625","54","",""
"HA","KN","Kano","20005","NIE KNS RMG","Rimin Gado","KN3312","NIE JIS GML ZAN","Zango","HA_KN3312_89475","Hayin Talata","3.5","921836.6875","1345321.5","6","",""
"BUA","KN","Kano","20005","NIE KNS RMG","Rimin Gado","KN3308","NIE KNS RMG RIG","Rimin Gado","BUA_KN3308_974","Unguwar Wanzamai","194","917862.6875","1342129.875","","",""
"HA","KN","Kano","20005","NIE KNS RMG","Rimin Gado","KN3309","NIE KNS RMG SAT","Sakara Tsa","HA_KN3309_73867","Madugaji","4.5","929874.0","1338448.375","59","",""
"HA","KN","Kano","20013","NIE KNS SNN","Shanono","KN3502","NIE KNS SNN DUB","Dutsen Bakoshi","HA_KN3502_14241","Tsallatawa","2.5","887973.3125","1343341.375","125","",""
"HA","KN","Kano","20013","NIE KNS SNN","Shanono","KN3510","NIE KNS SNN TSA","Tsaure","HA_KN3510_62790","Karana","12","878533.4375","1346470.875","161","",""
"BUA","KN","Kano","20013","NIE KNS SNN","Shanono","KN3507","NIE KNS SNN LEN","Leni","BUA_KN3507_5221","Leni","35","901244.8125","1346492.375","","",""
"HA","KN","Kano","20013","NIE KNS SNN","Shanono","KN3503","NIE KNS SNN FAR","Faruruwa","HA_KN3503_62967","Unguwar Tudu Fulani","1","876574.1875","1366189.0","40","",""
"HA","KN","Kano","20013","NIE KNS SNN","Shanono","KN3505","NIE KNS SNN KAD","Kadamu","HA_KN3505_86982","Yarkasuwa","14.5","885457.5","1360871.125","213","",""
"BUA","KN","Kano","20013","NIE KNS SNN","Shanono","KN3509","NIE KNS SNN SHN","Shanono","BUA_KN3509_5107","Garin Shanono","269","889496.8125","1351369.0","","",""
"BUA","KN","Kano","20002","NIE KNS TAK","Takai","KN3707","NIE KNS KUR KAR","Karfi","BUA_KN3707_967","Shawu Cikin Gari","39","1017369.1875","1281835.0","","",""
"BUA","KN","Kano","20002","NIE KNS TAK","Takai","KN3706","NIE KNS TAK KAC","Kachako","BUA_KN3706_917","Unguwar Tsamiya","510","1030322.0625","1293464.5","","",""
"HA","KN","Kano","20002","NIE KNS TAK","Takai","KN3702","NIE KNS TAK DUR","Durbunde","HA_KN3702_73635","Kauyen Makeri","6","1020666.125","1293287.875","60","",""
"HA","KN","Kano","20002","NIE KNS TAK","Takai","KN3710","NIE KNS TAK ZUG","Zuga","HA_KN3710_91215","Gabashi","139","1018250.5","1300207.875","106","",""
"BUA","KN","Kano","20002","NIE KNS TAK","Takai","KN3709","NIE KNS TAK TAK","Takai","BUA_KN3709_1027","Yambade","334","1014206.25","1297307.875","","",""
"BUA","KN","Kano","20002","NIE KNS TAK","Takai","KN3701","NIE KNS TAK BAG","Bagwaro","BUA_KN3701_801","Bagwaro","71","1021335.375","1274818.25","","",""
"BUA","KN","Kano","20027","NIE KNS WDL","Wudil","KN4407","NIE KNS WDL LAJ","Lajawa","BUA_KN4407_1183","Lajawa Hurumi","60","993367.5","1331323.875","","",""
"BUA","KN","Kano","20027","NIE KNS WDL","Wudil","KN4408","NIE JIS TAR SAG","Sabon Gari","BUA_KN4408_830","Shagari Quaters","154","984129.75","1321988.125","","",""
"HA","KN","Kano","20027","NIE KNS WDL","Wudil","KN4403","NIE KNS WDL DAN","Dankaza","HA_KN4403_23694","Kanyar Utai","17.5","986491.0625","1316212.5","330","",""
"BUA","KN","Kano","20027","NIE KNS WDL","Wudil","KN4409","NIE KNS WDL UTA","Utai","BUA_KN4409_1182","Utai Gabas A","110","989100.0625","1316808.625","","",""
"BUA","KN","Kano","20027","NIE KNS WDL","Wudil","KN4402","NIE KNS WDL DAG","Dagumawa","BUA_KN4402_648","Unguwar Arewa","228","983426.875","1322142.0","","",""
"BUA","KN","Kano","20027","NIE KNS WDL","Wudil","KN4410","NIE KNS WDL WUD","Wudil","BUA_KN4410_572","Komi","435","984280.375","1324091.0","","",""
